tag,reports,rank
Syndicated Research,2547,1
Trends,1412,2
Customer Experience Management,544,3
Brief,486,4
Global,474,5
eCommerce,361,6
Tech Sector Economics,312,7
Business Technographics,272,8
Financial Services,241,9
United States,231,10
Digital Marketing,216,11
North America,211,12
Consumer Technographics,206,13
Technology Adoption Data,201,14
Customer Intelligence,200,15
Retail,195,16
Cloud Computing,190,17
Digital Business,187,18
Business Transformation & Organizational Change Management,186,19
Packaged Solutions,182,20
B2C eCommerce,176,21
Measurement,172,22
Best Practice,171,23
Europe,163,24
IT Spending Forecasts,162,25
Consumer Mobility,160,26
Data,160,27
Data Management,156,28
Business & IT Alignment,151,29
Asia Pacific,137,30
Market Overview,136,31
B2B,135,32
IBM,135,33
Application Development Processes & Tools,132,34
Mobile Apps,126,35
User Experience,126,36
Forrester Wave,125,37
Waves,125,38
Banking,124,39
IT Services,124,40
Networking,119,41
Business Technology (BT),118,42
Enterprise Architecture Domains & Practices,108,43
Business Process Management (BPM),106,44
Customer Relationship Management (CRM),106,45
Online Retail,105,46
ForecastView,103,47
Omnichannel Customer Experience,103,48
ForecastView - Global,102,49
ForecastView - Global Forecasts,102,50
Architecture & Technology Strategy,100,51
Enterprise Mobility,99,52
Organization,98,53
Business Intelligence,95,54
Vendor Landscape,95,55
Marketing Methods,92,56
Customer Journey,91,57
Innovation,90,58
Outsourcing,90,59
Corporate Strategy,89,60
Microsoft,89,61
China,87,62
Metrics,87,63
Security Operations & Program Governance,87,64
Big Data,85,65
Mobile Commerce (mCommerce),85,66
Oracle,82,67
Customer Engagement,80,68
Data & Information Protection,79,69
Application Management,77,70
ForecastViews,77,71
QuickTake,77,72
TechRadar,77,73
Software-as-a-Service (SaaS),76,74
Customer Centricity,73,75
SAP,73,76
Governance Risk & Compliance (GRC),72,77
Sales,71,78
Mobile Application Development,70,79
Social Media,70,80
Marketing Measurement,69,81
Social Marketing,69,82
Analytics Applications,68,83
Customer Analytics,68,84
Information Security,67,85
Talent Management,66,86
ForecastView - US and European Forecasts,63,87
Media & Entertainment,63,88
Insurance,62,89
Privacy,62,90
Strategy Planning & Governance,61,91
Marketing Automation,60,92
United Kingdom,60,93
Mobile Banking,59,94
Branding,57,95
Benchmarks,56,96
Hewlett-Packard (HP),54,97
Identity & Access Management (IAM),54,98
Internet of Things (IoT),54,99
Enterprise Content Management (ECM),53,100
Marketing Organization & Culture,53,101
Mobile Web,53,102
Employee Engagement,52,103
Enterprise Mobile Devices,52,104
Public Sector,52,105
Sourcing Strategy & Execution,52,106
Enterprise Collaboration,51,107
Commerce Solutions,50,108
Retail Technologies,50,109
Marketing Mix Modeling,49,110
Government,48,111
Infrastructure Architectures,48,112
Budgeting,47,113
Business Value,47,114
Customer Service Solutions,47,115
Development & Operations (DevOps),46,116
Strategy & Strategic Planning,46,117
Consumer Technographics - Global plus Russia,45,118
Consumer Technographics Global,45,119
Consumer Technographics Global - Reader,45,120
Consumer Technographics North America,45,121
Germany,44,122
Marketing Service Providers,44,123
Advertising,43,124
Data Warehousing,43,125
Systems Of Engagement,43,126
Amazon,42,127
Consumer Mobile Devices,42,128
CT Global Benchmark,42,129
France,42,130
Healthcare,42,131
Mobile Software & Platforms,42,132
Salesforce,42,133
Vulnerability & Threat Management,42,134
Workbook-Pres-New,42,135
CT Global - Agency,41,136
ForecastView ? Global e-Commerce Forecasts,41,137
Mobile Marketing,41,138
Office Productivity,41,139
Australia,40,140
CT North America Benchmark,40,141
Loyalty,40,142
Agile,39,143
CT North America - Agency,39,144
Digital Banking,39,145
Manufacturing,39,146
Spain,39,147
Case Study,38,148
ForecastView ? Global Digital Marketing Forecasts,38,149
IT Consulting,38,150
Italy,38,151
Telecommunications Services,38,152
Workforce Enablement,38,153
Google,37,154
Recruitment,37,155
Consumer Mobile Activities,36,156
Content Marketing,36,157
ForecastView - Americas,36,158
ForecastView - Europe,35,159
ForecastView - European Forecasts,35,160
Netherlands,35,161
Predictions,35,162
Question & Answer,35,163
Sweden,35,164
Systems Integration,35,165
Business Models,34,166
ForecastView ? Americas Forecasts,34,167
India,34,168
Omnichannel Retail,34,169
Staff Development & Succession Management,34,170
B2B eCommerce,33,171
Media Buying,32,172
Search Marketing,32,173
SOA & Web Services,32,174
Application Life-Cycle Management (ALM),31,175
Consumer Technographics Asia Pacific,31,176
Consumer Technographics Canada,31,177
Consumer Technographics Europe,31,178
Consumer Technographics Latin America,31,179
Consumer Technographics Russia,31,180
Dell,31,181
Private Cloud,31,182
Retail Payments,31,183
Data Quality & Data Governance,30,184
ForecastView ? Global Mobile Forecasts,30,185
Mergers & Acquisitions (M&As),30,186
Mobile Advertising,30,187
Public Cloud,30,188
Systems Management,30,189
APIs & API Management,29,190
Customer Experience Index (CX Index),29,191
Investments,29,192
Mobile Security,29,193
Capability Road Map,28,194
Product & Solutions Strategies,27,195
Regulations & Legislation,27,196
Cloud Security,26,197
Customer Data,26,198
Online Display Advertising,26,199
Online Video,26,200
Platform-as-a-Service (PaaS),26,201
CRM Applications,25,202
Digital Agencies,25,203
Information Architecture,25,204
Open Source,25,205
Planning & Fulfillment,25,206
Storage,25,207
Tablets,25,208
Wipro,25,209
Cisco Systems,24,210
Competency & Skills Management,24,211
Consumer Electronics,24,212
Consumer Segmentation,24,213
Contextual Marketing,24,214
Development Platforms,24,215
Digital Store,24,216
IT Process Automation,24,217
Mobile Services,24,218
Network Security,24,219
Social Intelligence,24,220
Tech Market Outlook,24,221
Analyst Relations Planning & Process,23,222
Banking Platforms,23,223
Business Architecture,23,224
Channel Partners,23,225
Deloitte,23,226
Infosys,23,227
Mobile Device Management,23,228
Online Marketing Technology,23,229
Social Listening & Listening Platforms,23,230
Tata Consultancy Services (TCS),23,231
Television,23,232
Transportation & Logistics,23,233
Accenture,22,234
Adobe Systems,22,235
Canada,22,236
Data Centers & Data Center Networking,22,237
Smartphones & Mobile Phones,22,238
Wearables,22,239
Apple,21,240
Application Outsourcing,21,241
Consumer Mobile Adoption,21,242
Facebook,21,243
Globalization & Localization,21,244
Integrated Marketing (Cross-Channel),21,245
Market Research,21,246
Mobile Application Platforms,21,247
Server Platforms,21,248
Shipping,21,249
Travel,21,250
Video Advertising,21,251
Analyst Relations Best Practices,20,252
Austria,20,253
Belgium,20,254
Contactless & Mobile Payments,20,255
Denmark,20,256
Email Marketing,20,257
Enterprise Portals,20,258
Finland,20,259
Hybrid Cloud,20,260
Infrastructure-As-A-Service (IaaS),20,261
Latin America,20,262
Marketing Executive Leadership,20,263
Marketing Metrics,20,264
Norway,20,265
Open Text,20,266
Portugal,20,267
Sales Force Automation (SFA),20,268
Switzerland,20,269
Application Infrastructure Technologies,19,270
Enterprise Marketing Platforms,19,271
Ireland,19,272
Predictive Analytics,19,273
Testing & Quality Assurance,19,274
Japan,18,275
Mobile Search ,18,276
Technology Pricing & Licensing,18,277
VMware,18,278
Cognizant Technology Solutions,17,279
ForecastView ? European e-Commerce Forecasts,17,280
Key Performance Indicators (KPIs),17,281
New Zealand,17,282
Retail Credit,17,283
South Korea,17,284
Web Content Management (WCM),17,285
Application Development Methodologies,16,286
Authentication,16,287
Brand Building,16,288
Capgemini,16,289
EMC,16,290
Fraud Management,16,291
Operating Models,16,292
Paid Search,16,293
Return On Investment (ROI),16,294
Risk Management,16,295
Wealth Management,16,296
Application Security,15,297
Continuous Delivery,15,298
Desktop Operating Systems,15,299
Energy & Utilities,15,300
ForecastView - European eBusiness Forecasts,15,301
ForecastView - European Interactive Marketing Forecasts,15,302
ForecastView ? European Digital Marketing Forecasts,15,303
Health Plans & Health Providers,15,304
IT MOOSE,15,305
Lead-To-Revenue-Management (L2RM),15,306
Learning,15,307
Marketing ROI,15,308
Web Development,15,309
ForecastView ? Americas Digital Marketing Forecasts,14,310
HCL Technologies,14,311
Hosting & Managed Services,14,312
Innovation Management,14,313
Omnichannel Banking,14,314
Singapore,14,315
Application Architecture,13,316
Application Performance Monitoring,13,317
Cognitive Computing,13,318
Communications Infrastructure,13,319
CSC,13,320
Database Management Systems (DBMSes),13,321
Encryption,13,322
ForecastView - Global Platform,13,323
ForecastView ? Americas e-Commerce Forecasts,13,324
ForecastView ? Americas Mobile Forecasts,13,325
IT Service Management (ITSM),13,326
Machine Learning,13,327
Managed Security Services Providers (MSSPs),13,328
Programmatic Buying,13,329
Total Economic Impact (TEI),13,330
Artificial Intelligence,12,331
Brazil,12,332
Consumer Healthcare,12,333
Consumer Packaged Goods (CPG),12,334
Contract Negotiations,12,335
Data Loss Prevention (DLP),12,336
Desktops & Laptops,12,337
Mobile Analytics,12,338
Order Management,12,339
Package Implementation Services,12,340
Personal Financial Management (PFM),12,341
Tibco,12,342
Vendor Management,12,343
Airlines,11,344
Argentina,11,345
Augmented Reality,11,346
Brand Monitoring,11,347
Converged Infrastructure,11,348
Enterprise Social,11,349
Geospatial Solutions,11,350
Healthcare Technologies,11,351
Local Area Network (LAN) & Wide Area Network (WAN),11,352
Mexico,11,353
Network Management,11,354
Retention Management,11,355
Text Analytics,11,356
Advertising Agencies,10,357
Automotive,10,358
Bring Your Own Device (BYOD),10,359
Collaboration Platforms,10,360
Content Security,10,361
CT Europe - Agency,10,362
CT Europe Benchmark,10,363
Endpoint Security,10,364
Fujitsu,10,365
Hotels,10,366
Indonesia,10,367
IT Governance,10,368
KPMG,10,369
Malaysia,10,370
Marketing Organizational Structure,10,371
Multichannel Architecture,10,372
Program & Project Management,10,373
Security Information & Event Management (SIEM),10,374
Software-Defined Networking (SDN),10,375
Symantec,10,376
Africa,9,377
Attribution,9,378
Auto Insurance,9,379
BMC,9,380
Business Process Management Suites (BPMSes),9,381
Business Techno - All Americas,9,382
Business Techno - All APAC,9,383
Business Techno - All EU,9,384
Business Techno All Surveys,9,385
"Business Techno BI, Analytics, & Big Data - Americas",9,386
"Business Techno BI, Analytics, & Big Data - APAC",9,387
"Business Techno BI, Analytics, & Big Data - EU",9,388
"Business Techno BI, Analytics, & Big Data - Global",9,389
Business Techno Budgets - America,9,390
Business Techno Budgets - APAC,9,391
Business Techno Budgets - EU,9,392
Business Techno Budgets - Global,9,393
Business Techno Developer,9,394
Business Techno Hardware & Cloud - America,9,395
Business Techno Hardware & Cloud - APAC,9,396
Business Techno Hardware & Cloud - EU,9,397
Business Techno Hardware & Cloud - Global,9,398
"Business Techno Mobility, Networks, & Comms - America",9,399
"Business Techno Mobility, Networks, & Comms - APAC",9,400
"Business Techno Mobility, Networks, & Comms - EU",9,401
"Business Techno Mobility, Networks, & Comms - Global",9,402
Business Techno Priorities & Journey - America,9,403
Business Techno Priorities & Journey - APAC,9,404
Business Techno Priorities & Journey - EU,9,405
Business Techno Priorities & Journey - Global,9,406
Business Techno Security - America,9,407
Business Techno Security - APAC,9,408
Business Techno Security - EU,9,409
Business Techno Security - Global,9,410
Business Techno Services - America,9,411
Business Techno Services - APAC,9,412
Business Techno Services - EU,9,413
Business Techno Services - Global,9,414
Business Techno Software Development & Cloud - America,9,415
Business Techno Software Development & Cloud - APAC,9,416
Business Techno Software Development & Cloud - EU,9,417
Business Techno Software Development & Cloud - Global,9,418
Business Technographics Mobile,9,419
Business Technographics Technology surveys - All industries,9,420
Business Technographics Technology surveys for Financial Services,9,421
Business Technographics Technology surveys for Healthcare,9,422
Business Technographics Technology surveys for High Tech,9,423
Business Technographics Workforce surveys,9,424
Buyer Engagement,9,425
Citrix Systems,9,426
Data Integration,9,427
Enterprise Search Platforms,9,428
Fintech,9,429
Forrester's Big Idea,9,430
Infrastructure Outsourcing,9,431
Internet Access Service Providers,9,432
IT Portfolio Management,9,433
Middle East,9,434
Personalization,9,435
Philippines,9,436
Search Engine Optimization (SEO),9,437
Self-Service,9,438
Social CRM,9,439
Sourcing & Procurement Applications,9,440
Store Inventory Management,9,441
Television Advertising,9,442
Thailand,9,443
Voice Of The Customer (VOC),9,444
Web Analytics,9,445
Web-Influenced Sales,9,446
Atos,8,447
Balanced Scorecard,8,448
BT APAC - Agency,8,449
BT Europe - Agency,8,450
BT Global - Agency,8,451
BT North America - Agency,8,452
Business Continuity & Disaster Recovery,8,453
Cost Control,8,454
Data Archiving,8,455
Enterprise Application Integration (EAI),8,456
Enterprise Resource Planning Applications (ERP),8,457
Financial Management,8,458
ForecastView - Americas Platform,8,459
ForecastView - APAC,8,460
ForecastView ? APAC Forecasts,8,461
Hong Kong,8,462
Incident Response,8,463
Online Chat,8,464
Pegasystems,8,465
Performance & Talent Management,8,466
Russia,8,467
Storage Hardware,8,468
Virtual Desktop Infrastructure (VDI),8,469
Zero Trust,8,470
Beacons,7,471
Breakout Vendors,7,472
Campaign Management,7,473
Case Management,7,474
Co-Creation & Crowdsourcing,7,475
Credit & Debit Cards,7,476
Cross-Border eCommerce,7,477
Data Management Platforms (DMPs),7,478
Demand-Side Platforms (DSPs),7,479
Digital & Mobile Wallets,7,480
Digital Asset Management (DAM),7,481
eBay,7,482
Education,7,483
Human Resources Management Applications,7,484
Merchandising,7,485
Mobile Operating Systems,7,486
Near Field Communication (NFC),7,487
Poland,7,488
Project Portfolio Management (PPM),7,489
Responsive Design,7,490
Security Architecture,7,491
Server Virtualization,7,492
Taiwan,7,493
Verizon Communications,7,494
Vietnam,7,495
Application Release Automation,6,496
Application Virtualization,6,497
AT&T,6,498
BlackBerry,6,499
Branch Banking,6,500
Car Rental,6,501
Center of Expertise,6,502
Community Management,6,503
CT APAC - Agency,6,504
CT APAC Benchmark,6,505
Customer Communication,6,506
Data Center Outsourcing & Colocation,6,507
Data Services,6,508
Data Virtualization,6,509
Decision Making,6,510
eDiscovery,6,511
Enterprise Content Management Suites,6,512
Enterprise Performance Management (EPM),6,513
File Sync & Share,6,514
ForecastView ? European Mobile Forecasts,6,515
Help Desk & Service Desk,6,516
Hyperconvergence,6,517
Infor Global Solutions,6,518
Informatica,6,519
Intel,6,520
Mobile Architecture,6,521
NetSuite,6,522
Passwords,6,523
Product Management,6,524
Real-Time Interaction Management,6,525
Remote Work & Telecommuting,6,526
Service Catalog,6,527
Smart Home,6,528
Twitter,6,529
Unified Communications,6,530
Usability Testing,6,531
Video & Teleconferencing,6,532
Virtual Agents,6,533
Agent Performance Management,5,534
Application Portfolio Management,5,535
Box,5,536
Buyer Role Profiles,5,537
Compensation,5,538
CT LATAM - Agency,5,539
CT LATAM Benchmark,5,540
Customer Advocacy,5,541
Data Overview,5,542
Data Visualization,5,543
Demand Planning,5,544
Digital & Electronic Signatures,5,545
Digital Content,5,546
Distribution Channels - ISVs OEMs & VARs,5,547
Document Management,5,548
EA Management Suites,5,549
Egypt,5,550
Email Content Security,5,551
ForecastView ? APAC e-Commerce Forecasts,5,552
Healthcare Regulations,5,553
Infrastructure Change & Configuration Management,5,554
Israel,5,555
Kenya,5,556
Knowledge Management,5,557
LAN/WAN Infrastructure,5,558
Lean Software,5,559
Learning Applications,5,560
Medical Devices,5,561
Multisourcing & Multiprovider Strategy,5,562
Nigeria,5,563
Online Payments,5,564
P2P Payments,5,565
Programming Languages,5,566
Records Management,5,567
Reference Architecture,5,568
Romania,5,569
Saudi Arabia,5,570
Social Depth,5,571
Social Relationship,5,572
Social Technographics,5,573
South Africa,5,574
Strong Authentication,5,575
Turkey,5,576
United Arab Emirates,5,577
Antivirus,4,578
Application Modernization,4,579
Application Upgrades & Maintenance,4,580
ATMs,4,581
Avaya,4,582
Biometrics,4,583
Broadband & Remote Access,4,584
Cloud Brokers,4,585
Cloud Storage,4,586
Customer Life Cycle,4,587
Customer Satisfaction Surveys,4,588
Electronic Medical Records (EMRs),4,589
eProcurement & eSourcing,4,590
IT Communications & Marketing Of IT,4,591
Legal Issues,4,592
LinkedIn,4,593
Luxury Retail,4,594
Machine-To-Machine (M2M),4,595
Marketing Resource Management (MRM),4,596
Mobile Messaging,4,597
P2P Lending,4,598
Personas & Scenarios,4,599
Point Of Sale (POS),4,600
Requirements Management,4,601
RFID,4,602
Sensors & Embedded Devices,4,603
Shared Services,4,604
Speech Technologies,4,605
Topic-Role Overview,4,606
T-Systems International,4,607
Web Content Security,4,608
Workplace Services,4,609
Yahoo!,4,610
"Ad Networks, Ad Servers, & Ad Exchanges",3,611
Application Rationalization,3,612
Backup,3,613
Behavioral Targeting,3,614
Brand & Product Web Sites,3,615
Contract Life-Cycle Management (CLM),3,616
CT USA - Retail & Travel,3,617
Customer Onboarding,3,618
Digital Certificates & Public Key Infrastructures,3,619
Digital Transformation,3,620
Financial Planning,3,621
ForecastView ? APAC Digital Marketing Forecasts,3,622
Gaming,3,623
Go-To-Market Strategies,3,624
Hybrid Application Development,3,625
Integration Servers,3,626
Interaction & UI Architecture,3,627
Learning Management Systems (LMSes),3,628
Marketing Talent Management,3,629
Master Data Management,3,630
Message Archiving,3,631
Metadata Management,3,632
Mobile Broadband,3,633
Mobile Video,3,634
Mortgage & Unsecured Lending,3,635
Network Access Control (NAC),3,636
Office Suites,3,637
Offshore Services,3,638
Partner Relationship Management (PRM),3,639
PayPal,3,640
Price Optimization,3,641
Product Life-Cycle Management (PLM),3,642
Product Portfolio Strategies,3,643
Project Management Office (PMO),3,644
Query & Reporting Tools,3,645
Research & Development (R&D),3,646
RFPs,3,647
Rights Management,3,648
Security Performance Management,3,649
Software Change & Configuration Management (SCCM),3,650
Storage Management,3,651
Web Conferencing,3,652
Web Design Standards,3,653
Wireless LAN/WAN Infrastructure,3,654
Workbook-Pres-Repurposed,3,655
Workforce Management,3,656
Workload Management,3,657
Acxiom,2,658
Agile Commerce,2,659
App Stores,2,660
Apparel,2,661
Ariba,2,662
B2B Integration,2,663
Business Process Outsourcing (BPO),2,664
Buy Versus Build,2,665
Checking & Savings Accounts,2,666
Connected TV,2,667
Content Delivery Networks (CDNs),2,668
CT Global - Retail & Travel,2,669
"CT USA - HealthCare, Gov",2,670
Customer Journey Mapping,2,671
Digital Intelligence,2,672
EDI,2,673
Electronic Bill Presentation & Payment (EBPP),2,674
Email Customer Service,2,675
eMarkets,2,676
Firewalls,2,677
Gamification,2,678
Interactive Voice Response (IVR),2,679
ITIL,2,680
Marketing Attitudes,2,681
Mobile Entertainment,2,682
Non-profit,2,683
Physical Security,2,684
Publishing,2,685
Site Optimization,2,686
Social Commerce,2,687
Solution Architecture,2,688
Storage Virtualization,2,689
Supply Chain Management,2,690
Tag Management,2,691
TechChoices,2,692
Technical Architecture,2,693
Telematics,2,694
Thought Leadership,2,695
User Account Provisioning,2,696
Web Browsers,2,697
Word of Mouth Marketing & Viral Marketing,2,698
Workflow,2,699
Xerox,2,700
YouTube,2,701
Addressable TV,1,702
Advanced Analytics,1,703
Aerospace & Defense,1,704
API & SOA Security,1,705
Business Process Methodologies,1,706
Business Process Modeling,1,707
Business Service Management (BSM),1,708
Business Travel,1,709
Chargeback,1,710
CMDB,1,711
Competitive Intelligence,1,712
Corporate Social Responsibility,1,713
CT Canada - Financial Services,1,714
"CT Canada - Media, Tech, Telco",1,715
CT Canada - Retail & Travel,1,716
CT France - Financial Services,1,717
"CT France - Media, Tech, Telco",1,718
CT France - Retail & Travel,1,719
CT Germany - Financial Services,1,720
"CT Germany - Media, Tech, Telco",1,721
CT Germany - Retail & Travel,1,722
CT Global - Financial Services,1,723
"CT Global - Media, Tech, Telco",1,724
CT Italy - Financial Services,1,725
"CT Italy - Media, Tech, Telco",1,726
CT Italy - Retail & Travel,1,727
CT Spain - Financial Services,1,728
"CT Spain - Media, Tech, Telco",1,729
CT Spain - Retail & Travel,1,730
CT UK - Financial Services,1,731
"CT UK - Media, Tech, Telco",1,732
CT UK - Retail & Travel,1,733
CT USA - Financial Services,1,734
"CT USA - Media, Tech, Telco",1,735
Customer Experience Strategy,1,736
Data Center Automation,1,737
Data Center Consolidation,1,738
Data Charts,1,739
Data Modeling,1,740
Database Marketing,1,741
Database Marketing Service Providers,1,742
Desktop Support,1,743
Digital Disruption,1,744
Disaster-Recovery-As-A-Service (DRaaS),1,745
Electronic Invoice Presentation & Payment (EIPP),1,746
Email Platforms,1,747
Enterprise Service Bus (ESB),1,748
Enterprise Voice Over IP (VoiP) Systems,1,749
ForecastView - European Consumer Product Forecasts,1,750
Global eCommerce,1,751
Green Business Strategy,1,752
Hadoop,1,753
Industry Specifications & Standards,1,754
Juniper Networks,1,755
Leisure Travel,1,756
Life Insurance,1,757
Market Research Tools,1,758
Maturity Assessment,1,759
Middleware,1,760
Mobile Moments,1,761
Mobile Professional Productivity,1,762
Multichannel Selling Strategies,1,763
Nokia,1,764
NoSQL,1,765
Novell,1,766
Open Data,1,767
Pharmaceuticals & Biotechnology,1,768
Processor Architectures,1,769
Product Information Management (PIM),1,770
Project Management Tools & Processes,1,771
Service Delivery Platforms (SDPs),1,772
Service-Level Agreements (SLAs),1,773
Smart Grid,1,774
Software Asset Management,1,775
Staff Augmentation,1,776
Standalone Figures,1,777
Storage Networking,1,778
Sustainability,1,779
TEI,1,780
Trade Promotion Management,1,781
User-Generated Content,1,782
Vendor Management Systems,1,783
VPN - Internet /IPSec/SSL,1,784
Wide Area Network Services,1,785
