tag,reports
Syndicated Research,2547
Trends,1412
Customer Experience Management,544
Brief,486
Global,474
eCommerce,361
Tech Sector Economics,312
Business Technographics,272
Financial Services,241
United States,231
Digital Marketing,216
North America,211
Consumer Technographics,206
Technology Adoption Data,201
Customer Intelligence,200
Retail,195
Cloud Computing,190
Digital Business,187
Business Transformation & Organizational Change Management,186
Packaged Solutions,182
B2C eCommerce,176
Measurement,172
Best Practice,171
Europe,163
IT Spending Forecasts,162
Consumer Mobility,160
Data,160
Data Management,156
Business & IT Alignment,151
Asia Pacific,137
Market Overview,136
B2B,135
IBM,135
Application Development Processes & Tools,132
Mobile Apps,126
User Experience,126
Forrester Wave,125
Waves,125
Banking,124
IT Services,124
Networking,119
Business Technology (BT),118
Enterprise Architecture Domains & Practices,108
Business Process Management (BPM),106
Customer Relationship Management (CRM),106
Online Retail,105
ForecastView,103
Omnichannel Customer Experience,103
ForecastView - Global,102
ForecastView - Global Forecasts,102
Architecture & Technology Strategy,100
Enterprise Mobility,99
Organization,98
Business Intelligence,95
Vendor Landscape,95
Marketing Methods,92
Customer Journey,91
Innovation,90
Outsourcing,90
Corporate Strategy,89
Microsoft,89
China,87
Metrics,87
Security Operations & Program Governance,87
Big Data,85
Mobile Commerce (mCommerce),85
Oracle,82
Customer Engagement,80
Data & Information Protection,79
Application Management,77
ForecastViews,77
QuickTake,77
TechRadar,77
Software-as-a-Service (SaaS),76
Customer Centricity,73
SAP,73
Governance Risk & Compliance (GRC),72
Sales,71
Mobile Application Development,70
Social Media,70
Marketing Measurement,69
Social Marketing,69
Analytics Applications,68
Customer Analytics,68
Information Security,67
Talent Management,66
ForecastView - US and European Forecasts,63
Media & Entertainment,63
Insurance,62
Privacy,62
Strategy Planning & Governance,61
Marketing Automation,60
United Kingdom,60
Mobile Banking,59
Branding,57
Benchmarks,56
Hewlett-Packard (HP),54
Identity & Access Management (IAM),54
Internet of Things (IoT),54
Enterprise Content Management (ECM),53
Marketing Organization & Culture,53
Mobile Web,53
Employee Engagement,52
Enterprise Mobile Devices,52
Public Sector,52
Sourcing Strategy & Execution,52
Enterprise Collaboration,51
Commerce Solutions,50
Retail Technologies,50
Marketing Mix Modeling,49
Government,48
Infrastructure Architectures,48
Budgeting,47
Business Value,47
Customer Service Solutions,47
Development & Operations (DevOps),46
Strategy & Strategic Planning,46
Consumer Technographics - Global plus Russia,45
Consumer Technographics Global,45
Consumer Technographics Global - Reader,45
Consumer Technographics North America,45
Germany,44
Marketing Service Providers,44
Advertising,43
Data Warehousing,43
Systems Of Engagement,43
Amazon,42
Consumer Mobile Devices,42
CT Global Benchmark,42
France,42
Healthcare,42
Mobile Software & Platforms,42
Salesforce,42
Vulnerability & Threat Management,42
Workbook-Pres-New,42
CT Global - Agency,41
ForecastView ? Global e-Commerce Forecasts,41
Mobile Marketing,41
Office Productivity,41
Australia,40
CT North America Benchmark,40
Loyalty,40
Agile,39
CT North America - Agency,39
Digital Banking,39
Manufacturing,39
Spain,39
Case Study,38
ForecastView ? Global Digital Marketing Forecasts,38
IT Consulting,38
Italy,38
Telecommunications Services,38
Workforce Enablement,38
Google,37
Recruitment,37
Consumer Mobile Activities,36
Content Marketing,36
ForecastView - Americas,36
ForecastView - Europe,35
ForecastView - European Forecasts,35
Netherlands,35
Predictions,35
Question & Answer,35
Sweden,35
Systems Integration,35
Business Models,34
ForecastView ? Americas Forecasts,34
India,34
Omnichannel Retail,34
Staff Development & Succession Management,34
B2B eCommerce,33
Media Buying,32
Search Marketing,32
SOA & Web Services,32
Application Life-Cycle Management (ALM),31
Consumer Technographics Asia Pacific,31
Consumer Technographics Canada,31
Consumer Technographics Europe,31
Consumer Technographics Latin America,31
Consumer Technographics Russia,31
Dell,31
Private Cloud,31
Retail Payments,31
Data Quality & Data Governance,30
ForecastView ? Global Mobile Forecasts,30
Mergers & Acquisitions (M&As),30
Mobile Advertising,30
Public Cloud,30
Systems Management,30
APIs & API Management,29
Customer Experience Index (CX Index),29
Investments,29
Mobile Security,29
Capability Road Map,28
Product & Solutions Strategies,27
Regulations & Legislation,27
Cloud Security,26
Customer Data,26
Online Display Advertising,26
Online Video,26
Platform-as-a-Service (PaaS),26
CRM Applications,25
Digital Agencies,25
Information Architecture,25
Open Source,25
Planning & Fulfillment,25
Storage,25
Tablets,25
Wipro,25
Cisco Systems,24
Competency & Skills Management,24
Consumer Electronics,24
Consumer Segmentation,24
Contextual Marketing,24
Development Platforms,24
Digital Store,24
IT Process Automation,24
Mobile Services,24
Network Security,24
Social Intelligence,24
Tech Market Outlook,24
Analyst Relations Planning & Process,23
Banking Platforms,23
Business Architecture,23
Channel Partners,23
Deloitte,23
Infosys,23
Mobile Device Management,23
Online Marketing Technology,23
Social Listening & Listening Platforms,23
Tata Consultancy Services (TCS),23
Television,23
Transportation & Logistics,23
Accenture,22
Adobe Systems,22
Canada,22
Data Centers & Data Center Networking,22
Smartphones & Mobile Phones,22
Wearables,22
Apple,21
Application Outsourcing,21
Consumer Mobile Adoption,21
Facebook,21
Globalization & Localization,21
Integrated Marketing (Cross-Channel),21
Market Research,21
Mobile Application Platforms,21
Server Platforms,21
Shipping,21
Travel,21
Video Advertising,21
Analyst Relations Best Practices,20
Austria,20
Belgium,20
Contactless & Mobile Payments,20
Denmark,20
Email Marketing,20
Enterprise Portals,20
Finland,20
Hybrid Cloud,20
Infrastructure-As-A-Service (IaaS),20
Latin America,20
Marketing Executive Leadership,20
Marketing Metrics,20
Norway,20
Open Text,20
Portugal,20
Sales Force Automation (SFA),20
Switzerland,20
Application Infrastructure Technologies,19
Enterprise Marketing Platforms,19
Ireland,19
Predictive Analytics,19
Testing & Quality Assurance,19
Japan,18
Mobile Search ,18
Technology Pricing & Licensing,18
VMware,18
Cognizant Technology Solutions,17
ForecastView ? European e-Commerce Forecasts,17
Key Performance Indicators (KPIs),17
New Zealand,17
Retail Credit,17
South Korea,17
Web Content Management (WCM),17
Application Development Methodologies,16
Authentication,16
Brand Building,16
Capgemini,16
EMC,16
Fraud Management,16
Operating Models,16
Paid Search,16
Return On Investment (ROI),16
Risk Management,16
Wealth Management,16
Application Security,15
Continuous Delivery,15
Desktop Operating Systems,15
Energy & Utilities,15
ForecastView - European eBusiness Forecasts,15
ForecastView - European Interactive Marketing Forecasts,15
ForecastView ? European Digital Marketing Forecasts,15
Health Plans & Health Providers,15
IT MOOSE,15
Lead-To-Revenue-Management (L2RM),15
Learning,15
Marketing ROI,15
Web Development,15
ForecastView ? Americas Digital Marketing Forecasts,14
HCL Technologies,14
Hosting & Managed Services,14
Innovation Management,14
Omnichannel Banking,14
Singapore,14
Application Architecture,13
Application Performance Monitoring,13
Cognitive Computing,13
Communications Infrastructure,13
CSC,13
Database Management Systems (DBMSes),13
Encryption,13
ForecastView - Global Platform,13
ForecastView ? Americas e-Commerce Forecasts,13
ForecastView ? Americas Mobile Forecasts,13
IT Service Management (ITSM),13
Machine Learning,13
Managed Security Services Providers (MSSPs),13
Programmatic Buying,13
Total Economic Impact (TEI),13
Artificial Intelligence,12
Brazil,12
Consumer Healthcare,12
Consumer Packaged Goods (CPG),12
Contract Negotiations,12
Data Loss Prevention (DLP),12
Desktops & Laptops,12
Mobile Analytics,12
Order Management,12
Package Implementation Services,12
Personal Financial Management (PFM),12
Tibco,12
Vendor Management,12
Airlines,11
Argentina,11
Augmented Reality,11
Brand Monitoring,11
Converged Infrastructure,11
Enterprise Social,11
Geospatial Solutions,11
Healthcare Technologies,11
Local Area Network (LAN) & Wide Area Network (WAN),11
Mexico,11
Network Management,11
Retention Management,11
Text Analytics,11
Advertising Agencies,10
Automotive,10
Bring Your Own Device (BYOD),10
Collaboration Platforms,10
Content Security,10
CT Europe - Agency,10
CT Europe Benchmark,10
Endpoint Security,10
Fujitsu,10
Hotels,10
Indonesia,10
IT Governance,10
KPMG,10
Malaysia,10
Marketing Organizational Structure,10
Multichannel Architecture,10
Program & Project Management,10
Security Information & Event Management (SIEM),10
Software-Defined Networking (SDN),10
Symantec,10
Africa,9
Attribution,9
Auto Insurance,9
BMC,9
Business Process Management Suites (BPMSes),9
Business Techno - All Americas,9
Business Techno - All APAC,9
Business Techno - All EU,9
Business Techno All Surveys,9
"Business Techno BI, Analytics, & Big Data - Americas",9
"Business Techno BI, Analytics, & Big Data - APAC",9
"Business Techno BI, Analytics, & Big Data - EU",9
"Business Techno BI, Analytics, & Big Data - Global",9
Business Techno Budgets - America,9
Business Techno Budgets - APAC,9
Business Techno Budgets - EU,9
Business Techno Budgets - Global,9
Business Techno Developer,9
Business Techno Hardware & Cloud - America,9
Business Techno Hardware & Cloud - APAC,9
Business Techno Hardware & Cloud - EU,9
Business Techno Hardware & Cloud - Global,9
"Business Techno Mobility, Networks, & Comms - America",9
"Business Techno Mobility, Networks, & Comms - APAC",9
"Business Techno Mobility, Networks, & Comms - EU",9
"Business Techno Mobility, Networks, & Comms - Global",9
Business Techno Priorities & Journey - America,9
Business Techno Priorities & Journey - APAC,9
Business Techno Priorities & Journey - EU,9
Business Techno Priorities & Journey - Global,9
Business Techno Security - America,9
Business Techno Security - APAC,9
Business Techno Security - EU,9
Business Techno Security - Global,9
Business Techno Services - America,9
Business Techno Services - APAC,9
Business Techno Services - EU,9
Business Techno Services - Global,9
Business Techno Software Development & Cloud - America,9
Business Techno Software Development & Cloud - APAC,9
Business Techno Software Development & Cloud - EU,9
Business Techno Software Development & Cloud - Global,9
Business Technographics Mobile,9
Business Technographics Technology surveys - All industries,9
Business Technographics Technology surveys for Financial Services,9
Business Technographics Technology surveys for Healthcare,9
Business Technographics Technology surveys for High Tech,9
Business Technographics Workforce surveys,9
Buyer Engagement,9
Citrix Systems,9
Data Integration,9
Enterprise Search Platforms,9
Fintech,9
Forrester's Big Idea,9
Infrastructure Outsourcing,9
Internet Access Service Providers,9
IT Portfolio Management,9
Middle East,9
Personalization,9
Philippines,9
Search Engine Optimization (SEO),9
Self-Service,9
Social CRM,9
Sourcing & Procurement Applications,9
Store Inventory Management,9
Television Advertising,9
Thailand,9
Voice Of The Customer (VOC),9
Web Analytics,9
Web-Influenced Sales,9
Atos,8
Balanced Scorecard,8
BT APAC - Agency,8
BT Europe - Agency,8
BT Global - Agency,8
BT North America - Agency,8
Business Continuity & Disaster Recovery,8
Cost Control,8
Data Archiving,8
Enterprise Application Integration (EAI),8
Enterprise Resource Planning Applications (ERP),8
Financial Management,8
ForecastView - Americas Platform,8
ForecastView - APAC,8
ForecastView ? APAC Forecasts,8
Hong Kong,8
Incident Response,8
Online Chat,8
Pegasystems,8
Performance & Talent Management,8
Russia,8
Storage Hardware,8
Virtual Desktop Infrastructure (VDI),8
Zero Trust,8
Beacons,7
Breakout Vendors,7
Campaign Management,7
Case Management,7
Co-Creation & Crowdsourcing,7
Credit & Debit Cards,7
Cross-Border eCommerce,7
Data Management Platforms (DMPs),7
Demand-Side Platforms (DSPs),7
Digital & Mobile Wallets,7
Digital Asset Management (DAM),7
eBay,7
Education,7
Human Resources Management Applications,7
Merchandising,7
Mobile Operating Systems,7
Near Field Communication (NFC),7
Poland,7
Project Portfolio Management (PPM),7
Responsive Design,7
Security Architecture,7
Server Virtualization,7
Taiwan,7
Verizon Communications,7
Vietnam,7
Application Release Automation,6
Application Virtualization,6
AT&T,6
BlackBerry,6
Branch Banking,6
Car Rental,6
Center of Expertise,6
Community Management,6
CT APAC - Agency,6
CT APAC Benchmark,6
Customer Communication,6
Data Center Outsourcing & Colocation,6
Data Services,6
Data Virtualization,6
Decision Making,6
eDiscovery,6
Enterprise Content Management Suites,6
Enterprise Performance Management (EPM),6
File Sync & Share,6
ForecastView ? European Mobile Forecasts,6
Help Desk & Service Desk,6
Hyperconvergence,6
Infor Global Solutions,6
Informatica,6
Intel,6
Mobile Architecture,6
NetSuite,6
Passwords,6
Product Management,6
Real-Time Interaction Management,6
Remote Work & Telecommuting,6
Service Catalog,6
Smart Home,6
Twitter,6
Unified Communications,6
Usability Testing,6
Video & Teleconferencing,6
Virtual Agents,6
Agent Performance Management,5
Application Portfolio Management,5
Box,5
Buyer Role Profiles,5
Compensation,5
CT LATAM - Agency,5
CT LATAM Benchmark,5
Customer Advocacy,5
Data Overview,5
Data Visualization,5
Demand Planning,5
Digital & Electronic Signatures,5
Digital Content,5
Distribution Channels - ISVs OEMs & VARs,5
Document Management,5
EA Management Suites,5
Egypt,5
Email Content Security,5
ForecastView ? APAC e-Commerce Forecasts,5
Healthcare Regulations,5
Infrastructure Change & Configuration Management,5
Israel,5
Kenya,5
Knowledge Management,5
LAN/WAN Infrastructure,5
Lean Software,5
Learning Applications,5
Medical Devices,5
Multisourcing & Multiprovider Strategy,5
Nigeria,5
Online Payments,5
P2P Payments,5
Programming Languages,5
Records Management,5
Reference Architecture,5
Romania,5
Saudi Arabia,5
Social Depth,5
Social Relationship,5
Social Technographics,5
South Africa,5
Strong Authentication,5
Turkey,5
United Arab Emirates,5
Antivirus,4
Application Modernization,4
Application Upgrades & Maintenance,4
ATMs,4
Avaya,4
Biometrics,4
Broadband & Remote Access,4
Cloud Brokers,4
Cloud Storage,4
Customer Life Cycle,4
Customer Satisfaction Surveys,4
Electronic Medical Records (EMRs),4
eProcurement & eSourcing,4
IT Communications & Marketing Of IT,4
Legal Issues,4
LinkedIn,4
Luxury Retail,4
Machine-To-Machine (M2M),4
Marketing Resource Management (MRM),4
Mobile Messaging,4
P2P Lending,4
Personas & Scenarios,4
Point Of Sale (POS),4
Requirements Management,4
RFID,4
Sensors & Embedded Devices,4
Shared Services,4
Speech Technologies,4
Topic-Role Overview,4
T-Systems International,4
Web Content Security,4
Workplace Services,4
Yahoo!,4
"Ad Networks, Ad Servers, & Ad Exchanges",3
Application Rationalization,3
Backup,3
Behavioral Targeting,3
Brand & Product Web Sites,3
Contract Life-Cycle Management (CLM),3
CT USA - Retail & Travel,3
Customer Onboarding,3
Digital Certificates & Public Key Infrastructures,3
Digital Transformation,3
Financial Planning,3
ForecastView ? APAC Digital Marketing Forecasts,3
Gaming,3
Go-To-Market Strategies,3
Hybrid Application Development,3
Integration Servers,3
Interaction & UI Architecture,3
Learning Management Systems (LMSes),3
Marketing Talent Management,3
Master Data Management,3
Message Archiving,3
Metadata Management,3
Mobile Broadband,3
Mobile Video,3
Mortgage & Unsecured Lending,3
Network Access Control (NAC),3
Office Suites,3
Offshore Services,3
Partner Relationship Management (PRM),3
PayPal,3
Price Optimization,3
Product Life-Cycle Management (PLM),3
Product Portfolio Strategies,3
Project Management Office (PMO),3
Query & Reporting Tools,3
Research & Development (R&D),3
RFPs,3
Rights Management,3
Security Performance Management,3
Software Change & Configuration Management (SCCM),3
Storage Management,3
Web Conferencing,3
Web Design Standards,3
Wireless LAN/WAN Infrastructure,3
Workbook-Pres-Repurposed,3
Workforce Management,3
Workload Management,3
Acxiom,2
Agile Commerce,2
App Stores,2
Apparel,2
Ariba,2
B2B Integration,2
Business Process Outsourcing (BPO),2
Buy Versus Build,2
Checking & Savings Accounts,2
Connected TV,2
Content Delivery Networks (CDNs),2
CT Global - Retail & Travel,2
"CT USA - HealthCare, Gov",2
Customer Journey Mapping,2
Digital Intelligence,2
EDI,2
Electronic Bill Presentation & Payment (EBPP),2
Email Customer Service,2
eMarkets,2
Firewalls,2
Gamification,2
Interactive Voice Response (IVR),2
ITIL,2
Marketing Attitudes,2
Mobile Entertainment,2
Non-profit,2
Physical Security,2
Publishing,2
Site Optimization,2
Social Commerce,2
Solution Architecture,2
Storage Virtualization,2
Supply Chain Management,2
Tag Management,2
TechChoices,2
Technical Architecture,2
Telematics,2
Thought Leadership,2
User Account Provisioning,2
Web Browsers,2
Word of Mouth Marketing & Viral Marketing,2
Workflow,2
Xerox,2
YouTube,2
Addressable TV,1
Advanced Analytics,1
Aerospace & Defense,1
API & SOA Security,1
Business Process Methodologies,1
Business Process Modeling,1
Business Service Management (BSM),1
Business Travel,1
Chargeback,1
CMDB,1
Competitive Intelligence,1
Corporate Social Responsibility,1
CT Canada - Financial Services,1
"CT Canada - Media, Tech, Telco",1
CT Canada - Retail & Travel,1
CT France - Financial Services,1
"CT France - Media, Tech, Telco",1
CT France - Retail & Travel,1
CT Germany - Financial Services,1
"CT Germany - Media, Tech, Telco",1
CT Germany - Retail & Travel,1
CT Global - Financial Services,1
"CT Global - Media, Tech, Telco",1
CT Italy - Financial Services,1
"CT Italy - Media, Tech, Telco",1
CT Italy - Retail & Travel,1
CT Spain - Financial Services,1
"CT Spain - Media, Tech, Telco",1
CT Spain - Retail & Travel,1
CT UK - Financial Services,1
"CT UK - Media, Tech, Telco",1
CT UK - Retail & Travel,1
CT USA - Financial Services,1
"CT USA - Media, Tech, Telco",1
Customer Experience Strategy,1
Data Center Automation,1
Data Center Consolidation,1
Data Charts,1
Data Modeling,1
Database Marketing,1
Database Marketing Service Providers,1
Desktop Support,1
Digital Disruption,1
Disaster-Recovery-As-A-Service (DRaaS),1
Electronic Invoice Presentation & Payment (EIPP),1
Email Platforms,1
Enterprise Service Bus (ESB),1
Enterprise Voice Over IP (VoiP) Systems,1
ForecastView - European Consumer Product Forecasts,1
Global eCommerce,1
Green Business Strategy,1
Hadoop,1
Industry Specifications & Standards,1
Juniper Networks,1
Leisure Travel,1
Life Insurance,1
Market Research Tools,1
Maturity Assessment,1
Middleware,1
Mobile Moments,1
Mobile Professional Productivity,1
Multichannel Selling Strategies,1
Nokia,1
NoSQL,1
Novell,1
Open Data,1
Pharmaceuticals & Biotechnology,1
Processor Architectures,1
Product Information Management (PIM),1
Project Management Tools & Processes,1
Service Delivery Platforms (SDPs),1
Service-Level Agreements (SLAs),1
Smart Grid,1
Software Asset Management,1
Staff Augmentation,1
Standalone Figures,1
Storage Networking,1
Sustainability,1
TEI,1
Trade Promotion Management,1
User-Generated Content,1
Vendor Management Systems,1
VPN - Internet /IPSec/SSL,1
Wide Area Network Services,1
