Search Term,Tag,
Customer Experience,Syndicated Research,
Ecommerce,Trends,
Forrester Wave,Customer Experience Management,
Blockchain,Global,
Crm,eCommerce,
Internet Of Things (IoT),Brief,
Big Data,Tech Sector Economics,
IoT,North America,
Digital Transformation,Business Technographics,
Cloud,United States,
Insurance,Financial Services,
Mobile,Digital Marketing,
Business Intelligence,Customer Intelligence,
Artificial Intelligence,Consumer Technographics,
Analytics,Packaged Solutions,
Identity & Access Management (IAM),Consumer Mobility,
API Management,Retail,
Customer Experience Index (CX Index),Cloud Computing,
Healthcare,Europe,
DevOps,Technology Adoption Data,
Retail,Data Management,
Customer Journey,IT Spending Forecasts,
Cloud Computing,Digital Business,
Personalization,B2C eCommerce,
Social Media,Asia Pacific,
B2B Marketing,Business Transformation & Organizational Change Management,
Banking,Data,
Enterprise Architecture,Business & IT Alignment,
Salesforce,IT Services,
Agile,IBM,
B2B,Measurement,
Digital Marketing,Mobile Apps,
Content Marketing,Best Practice,
Customer Relationship Management (Crm),Omnichannel Customer Experience,
ERP,Application Development Processes & Tools,
Machine Learning,QuickTake,
Digital,Business Technology (BT),
Fintech,Banking,
Enterprise Content Management (ECM),Enterprise Mobility,
Automotive,User Experience,
Innovation,Forrester Wave,
Sap,Networking,
Financial Services,Waves,
Data Management Platforms (DMPs),Market Overview,
Wave,Architecture & Technology Strategy,
Digital Asset Management (Dam),Enterprise Architecture Domains & Practices,
Business Process Management (Bpm),B2B,
Marketing Automation,Customer Relationship Management (CRM),
Digital Business,Outsourcing,
Customer Experience Management,Marketing Methods,
Loyalty,Online Retail,
Internet Of Things,Corporate Strategy,
Api,Customer Engagement,
Virtual Reality,Business Process Management (BPM),
Predictive Analytics,ForecastView,
Customer Analytics,ForecastView - Global,
Security,ForecastView - Global Forecasts,
Master Data Management,Business Intelligence,
Cognitive Computing,Data & Information Protection,
Ibm,China,
Kate Leggett,Microsoft,
Email Marketing,Big Data,
Liz Herbert,Software-as-a-Service (SaaS),
B2B Ecommerce,Mobile Commerce (mCommerce),
Anjali Yakkundi,Innovation,
Wearables,Organization,
Marketing,Security Operations & Program Governance,
Vendor Landscape,Customer Journey,
SaaS,Consumer Mobile Devices,
Development & Operations (DevOps),Customer Analytics,
Telecommunications Services,Information Security,
Bpm,Social Media,
Omnichannel,Oracle,
Laura Ramos,Application Management,
Accenture,ForecastViews,
Mobile Banking,Infrastructure Architectures,
Dmp,Marketing Mix Modeling,
Travel,Social Marketing,
Chatbot,Analytics Applications,
Customer Insights,Governance Risk & Compliance (GRC),
Attribution,Marketing Measurement,
Brian Hopkins,Privacy,
Omnichannel Customer Experience,Media & Entertainment,
Azure,Mobile Application Development,
Amazon,SAP,
Knowledge Management,Enterprise Mobile Devices,
Craig Le Clair,ForecastView - US and European Forecasts,
Digital Banking,Metrics,
Mobile Apps,Enterprise Collaboration,
Cybersecurity,Branding,
Online Retail,TechRadar,
Program & Project Management,United Kingdom,
IT Spending Forecasts,Data Warehousing,
Augmented Reality,Public Sector,
Oracle,Government,
Application Development & Delivery,Marketing Automation,
Cloud Security,Vendor Landscape,
Governance Risk & Compliance (Grc),Hewlett-Packard (HP),
Employee Engagement,Sourcing Strategy & Execution,
Customer Service,Talent Management,
TechRadar,Mobile Web,
Managed Security Services Providers (MSSPs),Marketing Organization & Culture,
PaaS,Sales,
Randy Heffner,Healthcare,
RPA,Insurance,
Hadoop,Mobile Marketing,
Kevin Lucas,Systems Of Engagement,
Servicenow,Strategy Planning & Governance,
Robotic Process Automation,Identity & Access Management (IAM),
Supply Chain,Telecommunications Services,
Ted Schadler,Mobile Software & Platforms,
Wealth Management,Retail Technologies,
Web Content Management (WCM),Customer Centricity,
Business Architecture,Enterprise Content Management (ECM),
Data Management,Mobile Banking,
IT Service Management (ITSM),Benchmarks,
Infosys,Google,
Brendan Witcher,Predictions,
Business Continuity & Disaster Recovery,Commerce Solutions,
Bots,Consumer Mobile Activities,
CX,Germany,
Outsourcing,Office Productivity,
Office 365,Advertising,
MDM,Case Study,
Microsoft,Manufacturing,
Andy Hoar,France,
Ian Jacobs,Development & Operations (DevOps),
Payments,Workbook-Pres-New,
Sourcing & Vendor Management,Consumer Technographics - Global plus Russia,
Business Transformation & Organizational Change Management,Consumer Technographics Global,
Deloitte,Consumer Technographics Global - Reader,
Web Analytics,Australia,
Security & Risk,Spain,
Endpoint Security,Amazon,
Tech Radar,Budgeting,
Sales Enablement,Consumer Electronics,
Data Quality & Data Governance,Internet of Things (IoT),
Omnichannel Retail,Vulnerability & Threat Management,
Email,Italy,
Digital Experience,Marketing Service Providers,
Customer Engagement,Systems Integration,
Mary Shea,Employee Engagement,
Tata Consultancy Services (TCS),India,
Enterprise Mobility,Smartphones & Mobile Phones,
Hybrid Cloud,CT Global Benchmark,
CIO,IT Consulting,
Brandon Purcell,Tablets,
Robotics,CT Global - Agency,
Wipro,Customer Service Solutions,
Voice Of The Customer (VOC),Workforce Enablement,
Intellect,Consumer Technographics North America,
Contract Life-Cycle Management (CLM),Mobile Security,
Enterprise Collaboration,Salesforce,
IAM,ForecastView - Americas,
Microservices,Omnichannel Retail,
Cheryl McKinnon,Mergers & Acquisitions (M&As),
ECM,Netherlands,
Application Performance Monitoring,Sweden,
Workforce Management,ForecastView ? Americas Forecasts,
Tableau,Business Value,
Dave Bartoletti,Staff Development & Succession Management,
Sitecore,Business Models,
Business Process Outsourcing (BPO),ForecastView ? Global Digital Marketing Forecasts,
Pharmaceuticals & Biotechnology,ForecastView ? Global e-Commerce Forecasts,
Zero Trust,Application Life-Cycle Management (ALM),
Playbook,CT North America Benchmark,
Design Thinking,Loyalty,
CX Index,Strategy & Strategic Planning,
IPaaS,Systems Management,
Age Of The Customer,Agile,
CMO,CT North America - Agency,
Millennials,Retail Payments,
Public Cloud,B2B eCommerce,
User Experience,Consumer Mobile Adoption,
Software-As-A-Service (SaaS),Digital Banking,
Trends,Customer Data,
James McCormick,Question & Answer,
Mike Gualtieri,Regulations & Legislation,
Sharepoint,Travel,
IT Asset Management (ITAM),ForecastView - Europe,
Aws,ForecastView - European Forecasts,
Cognizant Technology Solutions,IT Process Automation,
Rusty Warner,Mobile Advertising,
Digital Strategy,Search Marketing,
Social,Content Marketing,
IaaS,Mobile Services,
Workday,Platform-as-a-Service (PaaS),
Gamification,Product & Solutions Strategies,
Software Asset Management,Wearables,
Mobile Application Development,Apple,
Joseph Blankenship,Consumer Segmentation,
NoSQL,ForecastView ? Global Mobile Forecasts,
Capgemini,Media Buying,
Self-Service,Storage,
Martin Gill,Cloud Security,
Noel Yuhanna,Customer Experience Index (CX Index),
Testing & Quality Assurance,Online Marketing Technology,
Automation,Market Research,
Tech Mahindra,Mobile Device Management,
Data Science,Recruitment,
Data Governance,Dell,
Case Management,Infrastructure-As-A-Service (IaaS),
Unified Communications,Investments,
Call & Contact Center Outsourcing,Private Cloud,
IT Services,SOA & Web Services,
Kate McCarthy,Technology Pricing & Licensing,
John Bruno,Data Centers & Data Center Networking,
Online Retail Forecast,Television,
Data Virtualization,Marketing Executive Leadership,
SMB,Server Platforms,
Customer Service Solutions,Cisco Systems,
Rowan Curran,Canada,
CMS,Contactless & Mobile Payments,
Privacy,Facebook,
Order Management,Integrated Marketing (Cross-Channel),
Business Technology (BT),Wipro,
Customer Journey Mapping,Application Outsourcing,
Cyber Security,Consumer Technographics Asia Pacific,
Contact Center,Consumer Technographics Europe,
Docker,Development Platforms,
Richard Joyce,Latin America,
Human Resources Management Applications,Online Display Advertising,
Platform-As-A-Service (PaaS),Online Video,
Chatbots,Public Cloud,
Talent Management,Digital Agencies,
Ellen Carney,Predictive Analytics,
Michael Facemire,Adobe Systems,
Clay Richardson,Capability Road Map,
Okta,Consumer Technographics Latin America,
Grc,Data Quality & Data Governance,
Private Cloud,Network Security,
Energy & Utilities,Social Intelligence,
Brexit,Tata Consultancy Services (TCS),
Data Integration,Accenture,
Mulesoft,Consumer Technographics Canada,
Small Business,Consumer Technographics Russia,
Customer Data,Hybrid Cloud,
Jim Nail,Mobile Application Platforms,
Education,Tech Market Outlook,
Boris Evelson,APIs & API Management,
Infrastructure & Operations,Belgium,
Vulnerability & Threat Management,Channel Partners,
Customer Satisfaction Surveys,Enterprise Portals,
Intranet,Information Architecture,
Sarah Sikowitz,Infosys,
Joe Stanhope,Application Infrastructure Technologies,
Andras Cser,Austria,
John Kindervag,Banking Platforms,
Customer Experience Index,Denmark,
CASB,Digital Store,
Enterprise Resource Planning Applications (ERP),Ireland,
Crm Wave,Norway,
Robert Stroud,Portugal,
Social Listening,Switzerland,
Open Source,Transportation & Logistics,
Application Security,CRM Applications,
Diego Lo Giudice,Finland,
Data Analytics,Globalization & Localization,
Paul D. Hamerman,Planning & Fulfillment,
Shared Services,Competency & Skills Management,
Jost Hoppermann,IT Service Management (ITSM),
Smartphones & Mobile Phones,Japan,
Consumer Packaged Goods (CPG),Open Source,
Help Desk/Service Desk,Airlines,
Biometrics,Social Listening & Listening Platforms,
Low Code,South Korea,
Video,Authentication,
Journey Mapping,Collaboration Platforms,
Andrew Bartels,Health Plans & Health Providers,
Amy Demartine,Open Text,
APM,Retail Credit,
Connected Car,VMware,
Lead-To-Revenue Management (L2rm),Contextual Marketing,
Duncan Jones,Contract Negotiations,
Containers,Deloitte,
Cognitive,Enterprise Marketing Platforms,
Loyalty Programs,Fraud Management,
Melissa Parrish,Mobile Analytics,
HCL Technologies,Mobile Search ,
Adam Silverman,Risk Management,
Contact Center Technologies & Processes,Shipping,
SIEM,Application Architecture,
Mark Grannan,Business Architecture,
Content Management,Capgemini,
Jeffrey S. Hammond,Energy & Utilities,
HCM,ForecastView ? Americas Digital Marketing Forecasts,
Cloud Adoption,Marketing Metrics,
Application Portfolio Management,New Zealand,
Data,Web Development,
Telecom,Application Development Methodologies,
Real Estate,Brazil,
Software-Defined Networking (SDN),Cognizant Technology Solutions,
Document Management,Desktop Operating Systems,
Jeff Pollard,Personal Financial Management (PFM),
Vendor Management,Vendor Management,
Transportation & Logistics,Bring Your Own Device (BYOD),
Tim Harmon,Email Marketing,
Dell,Mobile Operating Systems,
Chris Sherman,Package Implementation Services,
Product Information Management (PIM),Sales Force Automation (SFA),
Procurement,Testing & Quality Assurance,
Data Loss Prevention (DLP),Video Advertising,
Mergers & Acquisitions (M&As),Analyst Relations Planning & Process,
Application Release Automation,CSC,
Smart Cities,EMC,
Hybris,Learning,
John R. Rymer,Multichannel Architecture,
Lori Wizdo,Wealth Management,
Facebook,Web Content Management (WCM),
Digital Customer Experience,Consumer Healthcare,
Data Visualization,Endpoint Security,
Call Center,ForecastView ? European e-Commerce Forecasts,
Google,HCL Technologies,
Data Warehousing,Healthcare Technologies,
eDiscovery,Return On Investment (ROI),
Infrastructure-As-A-Service (Iaas),Application Security,
James L. McQuivey,Attribution,
Data Quality,Brand Building,
Testing,Consumer Packaged Goods (CPG),
Henry Peyret,ForecastView ? Americas Mobile Forecasts,
Tony Costa,Hosting & Managed Services,
IT Process Automation,Indonesia,
Account Based Marketing,Managed Security Services Providers (MSSPs),
E-Commerce,Network Management,
Ryan Skinner,Singapore,
Splunk,Analyst Relations Best Practices,
CPQ,Argentina,
Point Of Sale (POS),ForecastView ? Americas e-Commerce Forecasts,
PMO,Geospatial Solutions,
SDN,Hotels,
Digital Workplace,Marketing ROI,
Airlines,Mexico,
VMware,Paid Search,
IT Spend,Software-Defined Networking (SDN),
Smart City,Database Management Systems (DBMSes),
Ai,Encryption,
ITSM,IT MOOSE,
Payment,Key Performance Indicators (KPIs),
Media & Entertainment,Middle East,
Advertising,Order Management,
Technology Trends,Tibco,
Frank E. Gillett,Total Economic Impact (TEI),
EPAM,Africa,
IT Outsourcing,Communications Infrastructure,
CPG,Data Loss Prevention (DLP),
Sucharita Mulpuru,ForecastView ? European Digital Marketing Forecasts,
Tina Moffett,Lead-To-Revenue-Management (L2RM),
Benchmarks,Malaysia,
China,Omnichannel Banking,
Manufacturing,Personalization,
Risk Management,Security Information & Event Management (SIEM),
Security Information & Event Management (SIEM),Voice Of The Customer (VOC),
Byod,Web Analytics,
Nigel Fenwick,Brand Monitoring,
Adobe,ForecastView - European eBusiness Forecasts,
Claire Schooley,ForecastView - European Interactive Marketing Forecasts,
Marketo,Operating Models,
Governance,Server Virtualization,
IT Strategy,Smart Home,
Gaming,Application Performance Monitoring,
Enterprise Portals & Search,Automotive,
Persona,CT Europe - Agency,
Digital Intelligence,CT Europe Benchmark,
Consumer Technographics,Data Security,
Data Center Outsourcing & Colocation,Enterprise Social,
Enterprise Application Integration (EAI),Hong Kong,
Michele Pelino,Human Resources Management Applications,
Sales,Infrastructure Outsourcing,
Milan Hanson,Philippines,
Mobile Security,Program & Project Management,
BPO,Search Engine Optimization (SEO),
Enterprise Architecture Domains & Practices,BMC,
Incident Response,Business Continuity & Disaster Recovery,
Hpe,Content Security,
The Top Emerging Technologies  To Watch: 2017 To 2021,Incident Response,
"Jennifer Belissent, Ph.D.",Informatica,
Storage,Marketing Organizational Structure,
Analytics Applications,Poland,
Data Center,Programmatic Buying,
George Lawrie,Retention Management,
Mobile Payments,Russia,
Consumer Mobile Activities,Sourcing & Procurement Applications,
Smart Home,Storage Hardware,
3d Printing,Symantec,
Netsuite,Television Advertising,
Tj Keitt,Text Analytics,
Harley Manning,Thailand,
NPS,Verizon Communications,
Oliwia Berdak,Advertising Agencies,
Advanced Analytics,AT&T,
Partner Relationship Management (PRM),Citrix Systems,
Ds,Cognitive Computing,
Chat Bot,Continuous Delivery,
Project Portfolio Management (Ppm),Digital Content,
Consulting,Fujitsu,
Canada,Innovation Management,
IT Spending,IT Governance,
India,Local Area Network (LAN) & Wide Area Network (WAN),
Enterprise Performance Management (EPM),Responsive Design,
Susan Bidel,Augmented Reality,
Rick Parrish,Converged Infrastructure,
Steven Wright,Data Integration,
Josh Zelonis,Desktops & Laptops,
Millenials,Digital & Mobile Wallets,
Metrics,ForecastView - Global Platform,
Government,Forrester's Big Idea,
Life Insurance,Healthcare Regulations,
Personas,Service Catalog,
Digital Maturity,Taiwan,
Branding,Turkey,
Joana Van Den Brink- Quintanilha,Artificial Intelligence,
Margo Visitacion,Atos,
Online Chat,Campaign Management,
DDoS,Case Management,
Maxie Schmidt-Subramanian,Co-Creation & Crowdsourcing,
Onboarding,Data Center Outsourcing & Colocation,
Omni Channel,Financial Management,
Sports,Internet Access Service Providers,
Demand-Side Platforms (DSPs),Machine Learning,
Chat,Online Chat,
Art Schoeller,Passwords,
Medallia,Store Inventory Management,
Openstack,Twitter,
Hosting & Managed Services,Vietnam,
SEO,Virtual Desktop Infrastructure (VDI),
Total Economic Impact (TEI),Web-Influenced Sales,
Change Management,BlackBerry,
Telematics,Branch Banking,
IT Portfolio Management,Buyer Engagement,
Content,Cost Control,
Business Technographics,Data Management Platforms (DMPs),
Strategy,Decision Making,
Billing,Education,
Marketing Analytics,Medical Devices,
Dam,Multisourcing & Multiprovider Strategy,
Psd2,Near Field Communication (NFC),
Marketing Measurement,Product Management,
Customer Segmentation,Project Portfolio Management (PPM),
Heidi Shey,Remote Work & Telecommuting,
Programmatic Buying,Romania,
Threat Intelligence,Unified Communications,
Data Lake,Video & Teleconferencing,
Mobile Device Management,Application Portfolio Management,
Emily Collins,Auto Insurance,
Managed Services,Beacons,
Mortgage,Center of Expertise,
Net Promoter Score (NPS),CT APAC - Agency,
PIM,CT APAC Benchmark,
Consumer Mobile Adoption,Data Archiving,
Zendesk,Data Services,
Ciam,Digital Asset Management (DAM),
Digital & Electronic Signatures,Distribution Channels - ISVs OEMs & VARs,
Marc Cecere,Egypt,
Cinny Little,Enterprise Resource Planning Applications (ERP),
Continuous Delivery,ForecastView ? European Mobile Forecasts,
Data Centers & Data Center Networking,Help Desk & Service Desk,
IT Governance,Intel,
Architecture & Technology Strategy,Israel,
William Martorelli,KPMG,
Customer Onboarding,Legal Issues,
Customer Loyalty,Nigeria,
Retail Payments,Office Suites,
Dan Bieler,Pegasystems,
Twilio,Performance & Talent Management,
Digital Advertising,Reference Architecture,
Australia,Saudi Arabia,
Industry 4.0,Sensors & Embedded Devices,
Acxiom,Social Depth,
Identity,South Africa,
Verizon,Storage Management,
Omnichannel Banking,Zero Trust,
Maturity Model,Application Virtualization,
B2c Ecommerce,Biometrics,
Shar Vanboskirk,Business Process Management Suites (BPMSes),
IoT Security,Credit & Debit Cards,
Palm,Customer Satisfaction Surveys,
Benchmark,eBay,
Asset Management,Fintech,
Richard Fichera,ForecastView - APAC,
Application Modernization,ForecastView ? APAC Forecasts,
Rackspace,Gaming,
IdaaS,Infor Global Solutions,
Genesys,IT Portfolio Management,
Hr,Machine-To-Machine (M2M),
Hyperconvergence,Online Payments,
Css Corp,Self-Service,
Bimodal,Technical Architecture,
Collaboration,United Arab Emirates,
Ott,Business Techno - All Americas,
Slack,Business Techno - All APAC,
Journey Map,Business Techno - All EU,
Mobility,Business Techno All Surveys,
Database Management Systems (DBMSes),"Business Techno BI, Analytics, & Big Data - Americas",
Metadata Management,"Business Techno BI, Analytics, & Big Data - APAC",
Data Security,"Business Techno BI, Analytics, & Big Data - EU",
Finance & Accounting Applications,"Business Techno BI, Analytics, & Big Data - Global",
IT Consulting,Business Techno Budgets - America,
IT Budget,Business Techno Budgets - APAC,
David K. Johnson,Business Techno Budgets - EU,
Capability Road Map,Business Techno Budgets - Global,
Domo,Business Techno Developer,
Emerging Technologies,Business Techno Hardware & Cloud - America,
Intralinks,Business Techno Hardware & Cloud - APAC,
State Of Retailing Online,Business Techno Hardware & Cloud - EU,
Bmc,Business Techno Hardware & Cloud - Global,
Win In The Age Of The Customer,"Business Techno Mobility, Networks, & Comms - America",
Abm,"Business Techno Mobility, Networks, & Comms - APAC",
Cloud Storage,"Business Techno Mobility, Networks, & Comms - EU",
Contactless & Mobile Payments,"Business Techno Mobility, Networks, & Comms - Global",
Uber,Business Techno Priorities & Journey - America,
Information Security,Business Techno Priorities & Journey - APAC,
Microsoft Azure,Business Techno Priorities & Journey - EU,
B2c Marketing,Business Techno Priorities & Journey - Global,
Information Governance,Business Techno Security - America,
DLP,Business Techno Security - APAC,
Nick Hayes,Business Techno Security - EU,
Marketing Mix Modeling,Business Techno Security - Global,
Enterprise Service Bus (ESB),Business Techno Services - America,
Application Life-Cycle Management (ALM),Business Techno Services - APAC,
CMDB,Business Techno Services - EU,
Key Performance Indicators (Kips),Business Techno Services - Global,
Product Management,Business Techno Software Development & Cloud - America,
Fatemeh Khatibloo,Business Techno Software Development & Cloud - APAC,
Real-Time Interaction Management,Business Techno Software Development & Cloud - EU,
E-Signature,Business Techno Software Development & Cloud - Global,
Wechat,Business Technographics Mobile,
Hana,Business Technographics Technology surveys - All industries,
Food,Business Technographics Technology surveys for Financial Services,
Email Wave,Business Technographics Technology surveys for Healthcare,
Glenn O'Donnell,Business Technographics Technology surveys for High Tech,
Virtual Agents,Business Technographics Workforce surveys,
Bi,Car Rental,
Digital Disruption,Cloud Storage,
Martha Bennett,Compensation,
Digital Insurance,Customer Communication,
John Rymer,Data Overview,
Health Insurance,Demand-Side Platforms (DSPs),
Data & Information Protection,Enterprise Application Integration (EAI),
Demandware,Enterprise Search Platforms,
Sprinklr,File Sync & Share,
Network Security,ForecastView - Americas Platform,
Customer Centricity,Kenya,
Paul Miller,Mobile Messaging,
Payroll,Personas & Scenarios,
Service Design,Records Management,
Ecosystem,Security Architecture,
Authentication,Social CRM,
Service Catalog,Social Technographics,
CISO,Strong Authentication,
Roe,"Ad Networks, Ad Servers, & Ad Exchanges",
Customer,Balanced Scorecard,
Digital Experience Platforms,Broadband & Remote Access,
Nick Barber,BT APAC - Agency,
At&T,BT Europe - Agency,
Fiona Swerdlow,BT Global - Agency,
Lily Varon,BT North America - Agency,
Virtual Desktop Infrastructure (Vdi),Community Management,
Product Life-Cycle Management (Plm),Cross-Border eCommerce,
UX,CT LATAM - Agency,
Case Study,CT LATAM Benchmark,
Connected Home,Data Virtualization,
Enterprise Search,Data Visualization,
Sap Hana,eDiscovery,
The Forrester Wave,Electronic Medical Records (EMRs),
Thomas Husson,Email Content Security,
Text Analytics,eProcurement & eSourcing,
Apple,LAN/WAN Infrastructure,
Financial Management,Master Data Management,
Media,P2P Payments,
Online Grocery,Virtual Agents,
Renee Murphy,Workload Management,
Technographics,Antivirus,
Opentext,Application Rationalization,
Requirements Management,Behavioral Targeting,
Grocery,Breakout Vendors,
Marketplace,Buyer Role Profiles,
Sam Stern,Customer Advocacy,
Dashboard,Digital Certificates & Public Key Infrastructures,
Oil And Gas,EA Management Suites,
Roadmap,eCommerce Adoption,
Pricing,Enterprise Content Management Suites,
Digital Asset Management,Financial Planning,
Magento,Hyperconvergence,
Jira,Knowledge Management,
Culture,Lean Software,
Planned Research,Merchandising,
Soasta,Mobile Architecture,
Campaign Management,Processor Architectures,
Merritt Maxim,Programming Languages,
Ppm,RFID,
Encryption,Rights Management,
Peter Wannemacher,Social Relationship,
Luxury,T-Systems International,
Pegasystems,Usability Testing,
Playbooks,Web Content Security,
Cisco,Workplace Services,
USAA,YouTube,
Transform The Customer Experience,Agent Performance Management,
Health,Apparel,
Pascal Matzke,Application Modernization,
Cloud Strategy,Application Release Automation,
Segmentation,Application Upgrades & Maintenance,
Cognizant,Avaya,
Sourcing & Procurement Applications,Backup,
Business Case,Box,
Digital Commerce,Customer Onboarding,
Self Service,Demand Planning,
Distribution Channels - Isvs/Oems/Vars,Digital & Electronic Signatures,
Ccm,Document Management,
Kpmg,Enterprise Performance Management (EPM),
Apptio,ForecastView ? APAC e-Commerce Forecasts,
Apigee,Go-To-Market Strategies,
Learning Management Systems (LMSEs),Infrastructure Change & Configuration Management,
Fraud,Learning Applications,
Fraud Management,Marketing Talent Management,
Dynamic Case Management,NetSuite,
Forecast,Offshore Services,
Enterprise Social,Point Of Sale (POS),
Watson,Publishing,
Stephanie Balaouras,Real-Time Interaction Management,
Integration,Shared Services,
Records Management,Speech Technologies,
Microsoft Dynamics,Storage Virtualization,
Cyber,Web Conferencing,
Brand,Wireless LAN/WAN Infrastructure,
Brazil,Workforce Management,
Digital & Mobile Wallets,App Stores,
Telco,Ariba,
Balanced Scorecard,Brand & Product Web Sites,
Messaging,Business Process Outsourcing (BPO),
Center Of Excellence,Contract Life-Cycle Management (CLM),
Marketing Technology,Industry Specifications & Standards,
Vdi,LinkedIn,
Business Rules,Marketing Resource Management (MRM),
Integrated Marketing (Cross- Channel),Metadata Management,
Brendan Miller,Mobile Professional Productivity,
Erna Alfred Liousas,Non-profit,
Alteryx,P2P Lending,
Chat Bots,Partner Relationship Management (PRM),
Emerging Technology,Product Information Management (PIM),
Search Engine Optimization (SEO),Product Life-Cycle Management (PLM),
Lauren E. Nelson,Project Management Office (PMO),
Millennial,Query & Reporting Tools,
Online Banking,Requirements Management,
Workplace Services,Site Optimization,
CXi,Telematics,
Application Management,Yahoo!,
Information Architecture,ATMs,
Mobile Payment,Business Service Management (BSM),
Content Strategy,Buy Versus Build,
Nfv,Checking & Savings Accounts,
Commerce,Cloud Brokers,
CX Maturity,Customer Life Cycle,
Digitization,Electronic Bill Presentation & Payment (EBPP),
Training,ForecastView - European Consumer Product Forecasts,
Nasry Angel,ForecastView ? APAC Digital Marketing Forecasts,
Hcl,Gamification,
Anaplan,IT Communications & Marketing Of IT,
Cloud Foundry,Learning Management Systems (LMSes),
Web Content Management,Luxury Retail,
Samuel Stern,Mobile Broadband,
P2p,Mobile Entertainment,
Smartphone,Paid Content,
Customer Support,PayPal,
Platform,Pharmaceuticals & Biotechnology,
Michelle Beeson,Price Optimization,
Bot,Product Portfolio Strategies,
Kurt Bittner,Research & Development (R&D),
Predictions,Security Performance Management,
Julie Ask,Single Sign-On,
Customer Advocacy,Social Commerce,
Jennifer Wise,Software Change & Configuration Management (SCCM),
IT Organization,Storage Networking,
Ibm Watson,Topic-Role Overview,
Alyson Clarke,User Account Provisioning,
Mainframe,Vendor Management Systems,
Project Management,Web Design Standards,
Mobile Commerce (Mcommerce),Workflow,
Ivar,Acxiom,
Andrew Hogan,Adaptive Brand Marketing,
Systems Of Insight,Agile Commerce,
Workflow,Connected TV,
Cloud Migration,Convergence Services,
Landscape: Playbook,Corporate Social Responsibility,
Maturity,CT Global - Retail & Travel,
Data Warehouse,"CT USA - HealthCare, Gov",
Jeffrey Hammond,CT USA - Retail & Travel,
Container,Data Center Automation,
Informatica,Data Center Consolidation,
Text Mining & Analytics,Data Charts,
Electronic Invoice Presentation & Payment (Eipp),Data Modeling,
P2p Payments,Digital Transformation,
Credit & Debit Cards,Email Platforms,
Big Data Fabric,eStatements,
Oracle Wave,Hybrid Application Development,
Webinar,Integration Servers,
Megan Burns,Interaction & UI Architecture,
Security Analytics,ITIL,
Consumer Segmentation,Juniper Networks,
Innovation Management,Message Archiving,
Learning,Middleware,
Netflix,Mobile Video,
Symantec,Mortgage & Unsecured Lending,
TCS,Network Access Control (NAC),
Deanna Laufer,Online Grocery,
Chief Digital Officer,Physical Security,
Solution Architecture,RFPs,
Programmatic,Service-Level Agreements (SLAs),
Block Chain,Solution Architecture,
Social Marketing,Tag Management,
Loyalty Program,Thought Leadership,
Competitive Intelligence,User-Generated Content,
Data Classification,Word of Mouth Marketing & Viral Marketing,
Esb,Workbook-Pres-Repurposed,
Ipsoft,Xerox,
Customer Communication,Addressable TV,
Operating Models,Aerospace & Defense,
Strategy & Strategic Planning,API & SOA Security,
Marketing Cloud,B2B Integration,
Robo Advisor,Business Process Modeling,
Lms,CMDB,
Pharma,Content Delivery Networks (CDNs),
Digital Analytics,CT France - Retail & Travel,
Gene Leganza,Customer Journey Mapping,
Drone,Desktop Support,
Frederic Giron,Digital Intelligence,
Workplace,EDI,
B2c,Electronic Invoice Presentation & Payment (EIPP),
Vendor Management Systems,Email Customer Service,
Insider Threat,eMarkets,
Futurology,Firewalls,
Deep Learning,HTML5,
Gis,In-Store Marketing,
Car,Interactive Voice Response (IVR),
Suba,IT Management Software,
Network Access Control (Nac),Leisure Travel,
Martech,Marketing Attitudes,
"Plan Now For Customer Service
In 2021",Net Promoter Score (NPS),
Predictions 2016,Online Travel Booking,
Hexaware,Open Data,
Mobile App,Project Management Tools & Processes,
Analyst Relations,Smart Process Applications (SPAs),
Managed Security Services,Software Asset Management,
Bring Your Own Device (Byod),Staff Augmentation,
Digital Trends,Supply Chain Management,
Project Management Office (PMO),Sustainability,
Reference Architecture,TechChoices,
Tools And Technology: Playbook,Trade Promotion Management,
Rfid,Videoconferencing Services,
Portal,Voice Services,
Bill Martorelli,VPN - Internet /IPSec/SSL,
Disaster Recovery,Web Browsers,
Atm,Advanced Analytics,
Forrester,Business Process Methodologies,
Restaurant,Business Rules,
Business Service Management (Bsm),Business Travel,
Thought Leadership,Capacity Modeling & Planning,
Logistics,Chargeback,
Verint,Competitive Intelligence,
Nike,Complex Event Processing (CEP),
Auto Insurance,CT Canada - Financial Services,
Gdpr,"CT Canada - Media, Tech, Telco",
Digital Playbook,CT Canada - Retail & Travel,
IT Operating Model,CT France - Financial Services,
Kyc,"CT France - Media, Tech, Telco",
Twitter,CT Germany - Financial Services,
Instant Messaging,"CT Germany - Media, Tech, Telco",
Liveramp,CT Germany - Retail & Travel,
Evolve Or Crumble: Prepare For The Fate Of The Hardware Incumbents,CT Global - Financial Services,
Fireeye,"CT Global - Media, Tech, Telco",
Julie A. Ask,CT Italy - Financial Services,
Hospitality,"CT Italy - Media, Tech, Telco",
Rebecca Mcadams,CT Italy - Retail & Travel,
Mobile Analytics,CT Spain - Financial Services,
Market Research,"CT Spain - Media, Tech, Telco",
Software,CT Spain - Retail & Travel,
Bobby Cameron,CT UK - Financial Services,
Mobile Advertising,"CT UK - Media, Tech, Telco",
Andre Kindness,CT UK - Retail & Travel,
Bank,CT USA - Financial Services,
Converged Infrastructure,"CT USA - Media, Tech, Telco",
Interactive Voice Response (Ivr),Customer Experience Strategy,
Compliance,Database Marketing,
Video Advertising,Database Marketing Service Providers,
Qlik,Digital Disruption,
Paul Hamerman,Disaster-Recovery-As-A-Service (DRaaS),
Advertising Agencies,Enterprise Service Bus (ESB),
Mongodb,Enterprise Voice Over IP (VoiP) Systems,
Cdo,Finance & Accounting Applications,
Corporate Strategy,Financial Consolidation & Reporting,
Wearable,Global eCommerce,
Life Sciences,Green Business Strategy,
Channel,Hadoop,
Drones,Life Insurance,
Retail Analytics,Market Research Tools,
Api Gateway,Maturity Assessment,
Risk,Mobile Moments,
Online Video,Mobile Voice Services,
Fleet Management,Multichannel Selling Strategies,
Architecture,Nokia,
Ucaas,NoSQL,
Sd-Wan,Novell,
Streaming,Partner & Affiliate Marketing,
Daas,Personal Cloud,
Agile Metrics That Matter,Service Delivery Platforms (SDPs),
DevOps,Siemens,
Steven Casey,Smart Grid,
Location-Based Services,Sony Electronics,
Openshift,Spend Analysis,
Indonesia,Standalone Figures,
Virtual Assistant,Steering Committees,
Allison Snow,TEI,
Digital Platform,Telecommunications Expense & Inventory Management,
Nosql Wave,Wide Area Network Services,
Desktop As A Service,,
Go-To-Market Strategies,,
The Insights-Driven Business,,
"Digital Experience Technology
And Delivery Priorities",,
Core Banking,,
Social Commerce,,
Ariba,,
Mobile Marketing,,
Bitcoin,,
Allegra Burnette,,
Samantha Ngo,,
Ital.,,
Data Archiving,,
Mobile Moments,,
Digital Signage,,
Emm,,
Data Strategy,,
Online Display Advertising,,
Application Outsourcing,,
Community Management,,
Consumer Mobility,,
Digital Wallet,,
Forecastview,,
Siam,,
Sms,,
Sharing Economy,,
Appdynamics,,
Paxata,,
Technology Pricing & Licensing,,
Phoenix Zhang,,
Hp,,
Data Architecture,,
Epsilon,,
Shipping,,
Globalization & Localization,,
Organizational Structure,,
Qualtrics,,
Somak Roy,,
Concur,,
Google Analytics,,
Tanium,,
Identity And Access Management,,
Pivotal,,
Soc,,
Tim Sheedy,,
Datacenter,,
Everbridge,,
Skype,,
Tivo,,
Short Messaging Service (Sms),,
Geospatial,,
The Ciso's Guide To  Virtualization Security,,
Michele Goetz,,
Application Rationalization,,
Beacons,,
Trends 2016,,
Japan,,
Retail Banking,,
Mortgage & Unsecured Lending,,
Efss,,
Subscription,,
Recruitment,,
Credit Card,,
Collin Colburn,,
Mssp,,
Crm Playbook,,
Digitalization,,
Eprocurement,,
Airline,,
Marketing Organization & Culture,,
Media Buying,,
Forrester Wave Tool,,
Ransomware,,
Hrms,,
Budgeting,,
Digital Bank,,
Hotels,,
Digital Store,,
Cdn,,
IT Benchmarks,,
End User Computing,,
Ecommerce Platform,,
Neustar,,
Infor,,
Public Sector,,
Semiconductor,,
Disrupting Finance,,
Partner & Affiliate Marketing,,
Yammer,,
Breakout Vendors,,
Office Productivity,,
Monitoring,,
Design,,
Mobile Wallet,,
Non-Profit,,
Service-Level Agreements (Slas),,
Anjali,,
Scorecard,,
Customer Success,,
Personas & Scenarios,,
Shadow It,,
The State Of Consumers And Technology,,
Mssp Wave,,
"The Rise Of The Empowered
Customer",,
Hyperconverged Infrastructure,,
2016 Global Mobile Banking Functionality Benchmark,,
"Bots Aren'T Ready To Be
Bankers",,
Bimodal It,,
LinkedIn,,
Ebusiness & Channel Strategy,,
Tag Management,,
WCM,,
Customer Life Cycle,,
Middleware,,
Content Delivery Networks (Cdns),,
Customer Lifecycle,,
Etl,,
Bpm Wave,,
Voc,,
Business Transformation,,
Lauren Nelson,,
Millenial,,
Social Media Communications,,
Professional Services,,
Retail Forecast,,
Mobile Messaging,,
Service Virtualization,,
Avaya,,
Tokenization,,
Web-Influenced Sales,,
Naveen Chhabra,,
Anjali Lai,,
Api & Soa Security,,
Telerik,,
IoT Platform,,
IT Trends,,
Pega,,
Demand Management,,
Cloud Access Security Broker,,
Fmcg,,
Collibra,,
Mobile First,,
Oms,,
Api Economy,,
Alfresco,,
Automobile,,
Customer Experience Maturity  Model,,
Krux,,
Gemalto,,
Application Performance Management,,
Marketing Strategy,,
"Customer Experience Drives Revenue Growth, 2016",,
Customer Experience Drives  Revenue Growth,,
The Future Of Messaging Apps,,
"Vendor Landscape: Insights Platforms, Q3 2016",,
Martin Whitworth,,
Beauty,,
Consumer Electronics,,
Esignature,,
Information Security Consulting Services,,
Pwc,,
Benjamin Ensor,,
Technology,,
Cloud ERP,,
Customer Obsession,,
Latin America,,
Personal Financial Management (Pfm),,
Trends 2016: The Future Of Customer Service,,
Organization,,
Docusign,,
Social Intelligence,,
Survey,,
The Future Of Consulting Through 2020,,
Customer Retention,,
Huawei,,
Alex Cullen,,
Security Metrics,,
Webinars,,
Enterprise Marketing Platforms,,
Palantir,,
Digital Experience Platform,,
Infrastructure,,
Operating Model,,
Video & Teleconferencing,,
Disruption,,
Elearning,,
Adobe Systems,,
Customer Obsessed,,
Security Consulting,,
5g,,
Database,,
Liferay,,
Marketing Roi,,
Nfc,,
Privileged Identity Management,,
Cross-Channel Campaign Management,,
Customer Care,,
Fico,,
Market Size,,
Marketing Budget,,
Aml,,
Backbase,,
Measurement,,
Social Analytics,,
Tei,,
Data Preparation,,
Jacob Morgan,,
Online Payments,,
Citrix,,
Digital Media,,
Journey Maps,,
Managed Print Services,,
Cyberark,,
Voip,,
Agile Development,,
Boomi,,
O365,,
Tco,,
Holiday,,
Influencer Marketing,,
Cloud Wave,,
Metadata,,
Software Change & Configuration Management (Sccm),,
Toolkit,,
WCM Wave,,
Serverless,,
Comcast,,
Open Data,,
Siemens,,
2020,,
Messaging Apps,,
"An S&R Pro's Guide To Security  To, In, And From The Cloud",,
Unstructured Data,,
Zaius,,
Big Data Nosql,,
Future Of Consulting: Consultancies Adapt To Digital Change,,
Paypal,,
Finance,,
Appian,,
Pos,,
B2B Commerce,,
Rfp,,
Apparel,,
Big Data Analytics,,
Apple Pay,,
Customer Experience Maturity,,
Digital Health,,
Tv,,
Direct Marketing,,
Forgerock,,
Instagram,,
Facemire,,
Grc Wave,,
Asia Pacific,,
Bluemix,,
Marketing Spend,,
Site Search,,
Draas,,
Hybrid Integration,,
Mobile Trends,,
Network,,
Coupa,,
Dmp Wave,,
Voice Of The Customer,,
Airbnb,,
Construction,,
Amazon Web Services,,
Eveline Oehrlich,,
Low-Code,,
Microservice,,
Website,,
Service Now,,
Incident Management,,
B2B Customer Experience,,
Identity Management,,
It,,
Digital Transformation Playbook,,
Experian,,
Infrastructure Outsourcing,,
Communications Infrastructure,,
Field Service Management,,
Human Resources,,
Kronos,,
Application Development Processes & Tools,,
Proofpoint,,
Business Analytics,,
Social Customer Service,,
Death Of A B2B Salesman,,
Insights,,
Digital Sales,,
Documentum,,
Sas,,
Cloud Brokers,,
Mendix,,
Digital Payments,,
Poland,,
Active Directory,,
Systems Integration,,
Sucharita,,
Dam Wave,,
Hyperconverged,,
Mobile,,
The Age Of The Customer Is Shaking Up Integration Technologies And Practices,,
Insurtech,,
Instart Logic,,
ERP,,
Cloud Native,,
Amplify Your Social Media Business Case Beyond Marketing,,
How To Unlock Tech Industry  Digital Transformation,,
Identity & Access Management (Iam),,
Christian Kane,,
Sheryl Pattek,,
Search Marketing,,
Emc,,
Emotion,,
Retail Trends,,
Enza Iannopollo,,
Supply Chain Management,,
Clarabridge,,
Cloud Management,,
Cross Channel Campaign Management,,
Customer Journey Map,,
Mobile Strategy,,
Akamai,,
Portfolio Management,,
Ecommerce Forecast,,
Medical Devices,,
Merkle,,
Digital Money Management,,
Ecm Wave,,
Hispanic,,
Oracle Cloud,,
Hotel,,
Security Architecture,,
Blue Prism,,
Backup,,
File Sync & Share,,
Smart Grid,,
Cloud Services,,
Live Chat,,
Email Content Security,,
Merchandising,,
Moose,,
Sophia I. Vargas,,
Email Security,,
Apps,,
Business Capability,,
Jessica Liu,,
Speech Analytics,,
Kpi,,
Retirement,,
Internet Of Things,,
Adobe Marketing Cloud,,
Fedex,,
Contract Management,,
Customer Communications Management,,
Workforce,,
Auto,,
Enterprise Mobility Management,,
The 2015 State Of Agile Development: Learn From Agile Expert Firms,,
Atos,,
Banking Platforms,,
Digital Experience Service Providers,,
Fitness,,
Nine Questions To Ask About  Docker,,
Orchestration,,
Cisco Systems,,
Data Migration,,
Fulfillment,,
Tech Trends,,
Cylance,,
Behavioral Targeting,,
Business Intelligence Wave,,
Google Apps,,
Marklogic,,
Digital Identity,,
Mpls,,
Sla,,
Value Chain,,
Capital One,,
Compensation,,
Addressable Tv,,
Digital,,
Facebook Messenger,,
Video Chat,,
Big Data,,
Micro Focus,,
Bosch,,
Email Marketing Service Providers,,
Mesosphere,,
"The Us Customer Experience
Index, 2016",,
2017,,
Windows 10,,
Information Management,,
Lead Generation,,
Customer Experience Strategy,,
Gigya,,
Mobile Mind Shift,,
Release Management,,
Streaming Analytics,,
Ecommerce Wave,,
Magic Quadrant,,
Transformation,,
Fashion,,
Contextual Marketing,,
"Enterprise Marketing Software
Suites",,
Data Privacy,,
Mobile Video,,
Chief Data Officer,,
Csc,,
Field Service,,
Credit Cards,,
Mexico,,
Consumer,,
"Digital Certificates & Public Key
Infrastructures",,
Ecommerce Trends,,
Higher Education,,
Inquiry,,
Ryan Hart,,
Samantha Merlivat,,
Singapore,,
The Future Of Customer Service,,
Procure To Pay,,
Sdlc,,
Software Development,,
Vpn,,
Agriculture,,
Social Technographics,,
Telecommunications,,
B2c Commerce Suites,,
Gen Z,,
Customer Experience  Measurement,,
Nutanix,,
Return On Investment (Roi),,
Sales Force Automation (Sfa),,
Future Of Consulting,,
Vulnerability Management,,
System Integration,,
Application Development,,
John C. Mccarthy,,
Nate Fleming,,
Consumer Journey,,
IT Moose,,
Business Value Of It,,
Buyer Role Profiles,,
Sme,,
China Ecommerce,,
Digital Governance,,
Jda,,
Beer,,
Lead Management,,
Mcafee,,
Smart Machines,,
Treasury,,
Workforce Optimization,,
Customer Journey Analytics,,
Optimizely,,
Peoplesoft,,
Tms,,
Transportation Management,,
Gambling,,
Public Relations,,
Travel Expense,,
Customer Experience,,
Cyber Insurance,,
Healthcare It,,
Isv,,
Events,,
Tamr,,
Insurance Digital,,
Aptos,,
Pay Tv,,
Genpact,,
Office365,,
Social Media,,
Cloud,,
Hopkins,,
State Of Online Retailing,,
Building The Business Case For Omnichannel In Retail,,
IoT,,
Progress,,
Smartphone Penetration,,
Beyondcore,,
Insight Platforms,,
Disrupting Finance: Digital  Insurers,,
Zoomph,,
Mobile Commerce,,
Digital Maturity Model,,
Luxury Retail,,
Service Desk,,
Cross-Border Ecommerce,,
Digital Agencies,,
Endpoint,,
Job Description,,
Vr,,
Bt,,
Digital Organization,,
L2rm,,
Alm,,
The State Of Retailing Online,,
Paid Search,,
Cloud Market,,
Design & Usability,,
IT Security,,
Peter O'Neill,,
Rymer,,
Social Media Marketing,,
Chris Mcclean,,
Tablets,,
Alibaba,,
Push Notifications,,
Web Application Firewall,,
Trust,,
Cross Channel,,
Micro Services,,
Offshore Services,,
Samsung,,
Subscription Billing,,
Digital Agency,,
Direct Mail,,
Mhealth,,
Online Marketing Technology,,
Phishing,,
Service Management,,
Bi-Modal,,
Cloud Governance,,
Data Management Platforms,,
Mobile Usage,,
Data Masking,,
Financial Performance Management,,
Telemedicine,,
Waves,,
Benchmarking,,
Forrester Wave Crm,,
M&A,,
Startup,,
Engagement,,
Enterprise Mobile Management,,
Mapping The Customer Journey,,
Ad Blocking,,
Atms,,
Connected Cars,,
Red Hat,,
Chris Andrews,,
Cto,,
Employee Experience,,
Life Science,,
Disney,,
Enterprise Voice Over Ip (Voip) Systems,,
Global Ecommerce,,
Total Cost Of Ownership,,
Virtual Agent,,
Data Management Platform,,
Retention,,
Security Budget,,
Verizon Communications,,
Infrastructure Change & Configuration Management,,
Modulus,,
Security Organization,,
Wireless Lan/Wan Infrastructure,,
Bi Tools,,
Buy Versus Build,,
Cloud Infrastructure,,
Education Technology,,
System Integrator,,
Cosmetics,,
Cross-Channel Attribution,,
Digital Manufacturing,,
Online Travel Booking,,
Car Rental,,
Same Day Delivery,,
Sap Hybris,,
Consumer Behavior,,
Hewlett Packard Enterprise,,
Reltio,,
Enterprise Social Platforms,,
Workload Automation,,
Ara,,
Etsy,,
Regtech,,
Carrie Johnson,,
Information Workplace,,
Requirements,,
Stroud,,
Supplier Relationship Management,,
Unisys,,
Xaas,,
Agile,,
Esri,,
Yahoo,,
Helpdesk,,
Olapic,,
Product Portfolio Strategies,,
Pokemon,,
Ipaas Wave,,
The Insights Driven Business,,
Empowered Customer,,
Ipaas For Dynamic Integration,,
Insights Driven Business,,
Box,,
Enterprise Asset Management,,
Srividya Sridharan,,
Christopher Mcclean,,
Content Management System,,
IT Metrics,,
Shopify,,
Marketing Resource Management (Mrm),,
Sourcing,,
Mobile Insurance,,
Soa,,
Successfactors,,
Test Automation,,
Varonis,,
Gordon Barnett,,
Outsystems,,
Adobe Experience Manager,,
Customer Lifetime Value,,
Bbva,,
Budget,,
Cccm,,
Mining,,
Privileged Access Management,,
Responsive Design,,
Server Virtualization,,
David Johnson,,
Ignio,,
Mrm,,
Pfm,,
Social Crm,,
B2c Commerce,,
Cpm,,
Data As A Service,,
Europe,,
Capacity Modeling & Planning,,
Cloud Trends,,
Ea,,
Eprocurement & Esourcing,,
Listening Platforms,,
Predix,,
Fortinet,,
Germany,,
Healthcare Analytics,,
Itam,,
Business Process Management,,
Demand Planning,,
Hootsuite,,
Virtualization,,
Market Overview,,
Agency,,
Bpaas,,
Cloud Broker,,
Frank Gillett,,
Insurance Trends,,
Marketing Operations,,
Mobile Workforce,,
Security Strategy,,
Security Operations & Program  Governance,,
Maturity Assessment,,
Wifi,,
Workiva,,
Coffee,,
Customer Experience Metrics,,
Dashboards,,
Post,,
Antivirus,,
Apaas,,
Branch Banking,,
Cash Management,,
Customer Acquisition,,
A/B Testing,,
CX Measurement,,
IT Asset Management,,
Jive,,
Point Of Service,,
Robotics Process Automation,,
Brand Experience,,
Epurchasing,,
Innovation Lab,,
IT Operations,,
Mbank,,
Msp,,
Safe,,
Workflow Management,,
Enterprise Data Warehouse,,
Event Management,,
Glossary,,
Kafka,,
Mobile Engagement,,
Order To Cash,,
Sapient,,
Business Capability Map,,
Contact Centre,,
Customer Feedback Management,,
Heroku,,
Lifecycle,,
Sddc,,
Tealium,,
Wfo,,
Cms Wave,,
Enterprise Mobile Devices,,
Hrm,,
Video Conferencing,,
Airwatch,,
Digital Experience Wave,,
Future,,
Online Sales,,
Puppet,,
Blue Coat,,
Digital Marketing Trends,,
Fichera,,
Payment Gateway,,
Software Defined,,
3d,,
Acquisition,,
Customer 360,,
Digital Spend,,
Fitbit,,
Offshoring,,
Population Health,,
Email Service Providers,,
Forrester Wave Cloud,,
Startups,,
Database Marketing Service Providers,,
Digital Marketing,,
Bdna,,
Case Studies,,
Centurylink,,
Customer Insight,,
Datorama,,
Mobilize The Internet Of Things,,
Clienteling,,
Delivery,,
R&D,,
Tcma,,
Digital Operating Model,,
Onelogin,,
Expense Management,,
Infrastructure Monitoring,,
Api Management Wave,,
Fujitsu,,
Sap Ariba,,
State Of Consumers And Technology,,
Automic,,
Data Robotics,,
Diy,,
It4it,,
Perficient,,
Siteworx,,
Xero,,
Quantum Computing,,
Digital Transformation Needs  Mainframe DevOps,,
Maxie,,
B2B Marketing Playbook,,
Financial Services Technologies,,
How Metrics Drive Your  Customer Obsession,,
Data Lake,,
Cognitive Analytics,,
Customer Data Platform,,
How Dirty Is Your Data,,
Stanhope,,
Adaptive Design,,
Millennial Moms,,
"The Forrester Wave™: Customer-Centric Global Banking Platforms, Q3 2016",,
Document Stores,,
"The State Of Consumers And Technology: Benchmark 2016, Us",,
Business & IT Alignment,,
Tibco,,
Test Data Management,,
Colocation,,
Stephen Powers,,
Human Capital Management,,
The False Promise Of Bimodal It,,
Dropbox,,
Corporate Social Responsibility,,
Web Conferencing,,
Data Discovery,,
Snapchat,,
Wave Tool,,
Api Strategy,,
Deloitte Digital,,
Television,,
Epm,,
Global Tech Market Outlook,,
Mdm Wave,,
Michael Barnes,,
Robo,,
Complex Event Processing (Cep),,
Drupal,,
Starbucks,,
Voice Of Customer,,
Ocr,,
Content Management Systems,,
Hubspot,,
Robots,,
SaaS ERP,,
Us Online Retail Forecast,,
Customer Centric,,
Customer Communication Management,,
Troux,,
Andras,,
Firewall,,
Thunderhead,,
Cloud Integration,,
Ecommerce Platforms,,
Trade Promotion Management,,
Veeva,,
Market Share,,
Sailpoint,,
Snaplogic,,
Sustainability,,
Youtube,,
Commercial Banking,,
Community,,
Remote Work & Telecommuting,,
Togaf,,
Tripwire,,
Api Management Solutions,,
Buyer Journey,,
Datameer,,
Hris,,
Kindervag,,
Tealeaf,,
Voice Biometrics,,
Wave Crm,,
Chief Customer Officer,,
Decision Making,,
Ecommerce Growth,,
Ratings & Reviews,,
Virtustream,,
Walmart,,
Advocacy,,
Data Monetization,,
Netapp,,
The State Of Retailing Online 2016,,
Age Of Customer,,
American Express,,
Big Data Text Analytics,,
Citations,,
Customer Intelligence,,
Extract Transform & Load (Etl),,
Fiserv,,
Furniture,,
Competency & Skills Management,,
Desktops & Laptops,,
Retargeting,,
Speech Technologies,,
Tourism,,
Aerospace & Defense,,
Data Modeling,,
Graph Database,,
Online Shopping,,
Shopper Marketing,,
Strategic Planning,,
Agile Metrics,,
Crowdstrike,,
Data Mining,,
Hosted Private Cloud,,
Janrain,,
Market Intelligence,,
Usability,,
Application Server Platforms,,
Broadband,,
Cassandra,,
Delta,,
Digital Insights Are The New Currency Of Business,,
Future Of Customer Service,,
Help Desk,,
Influencer,,
Autonomous Vehicles,,
Capital Markets,,
Cfo,,
Channel Strategy,,
IoT Platforms,,
Marketing Metrics,,
Network Monitoring,,
Waf,,
2fa,,
Coupons,,
Demand Generation,,
Employee Advocacy,,
Github,,
Monetate,,
Post Digital,,
User-Generated Content,,
Consumer Mobile Brands,,
Fraud Detection,,
Kanban,,
Offshore,,
Sentiment Analysis,,
Cgi,,
Communication,,
Data Center Infrastructure Management (Dcim),,
Food And Beverage,,
"Leadership In The Age Of The
Customer",,
Legacy Modernization,,
System Of Engagement,,
Agile Transformation,,
Charity,,
Hospital,,
Iwms,,
Marketing Service Providers,,
Ramos,,
Riverbed,,
Robotic,,
Denodo,,
Mobile Shopping,,
Small Business Banking,,
Conversational Commerce,,
Digitization Leaders Share Robotic Process Automation Best Practices,,
Hewlett-Packard (Hp),,
Predictive,,
Trifacta,,
Venture Capital,,
Enterprise Resource Planning,,
Innovation Agencies,,
Walgreens,,
Carbon Black,,
Empathy,,
Teens,,
Artificial Intelligence,,
Account-Based Marketing,,
High Availability/Fault Tolerance,,
Hsbc,,
Autonomics,,
Crm,,
Experience,,
Marketing Attribution,,
Netherlands,,
Virtual Assistants,,
Best Buy,,
Bluecore,,
Innovation Process,,
Korea,,
Service Provider,,
Localization,,
Wrike,,
Ansira,,
Ara Wave,,
Digital Workforce,,
Messenger,,
Nimble Storage,,
Supply Chain,,
Analytics,,
Integrated Services,,
Wfo Wave,,
Dreamforce,,
Mapping The Employee Journey,,
Spark,,
Percolate,,
Enterprise Content Management,,
Guidewire,,
"How To Measure Digital
Customer Experience",,
Business Technology,,
Information Security Consulting,,
Mobile Testing,,
Utilities,,
Zscaler,,
Teradata,,
Clm,,
Managed File Transfer,,
Social Selling,,
Value Added Reseller,,
Taxonomy,,
Crowdsourcing,,
Digital Business Transformation,,
P2p Lending,,
Enterprise Information Management,,
Jp Gownder,,
Tesla,,
New Relic,,
Paperless,,
"The Internet Of Things Heat  Map, 2016",,
Hr Analytics,,
Legal,,
Telecom Expense Management,,
Winning In The Age Of The  Customer,,
Generation Z,,
Mbaas,,
Skype For Business,,
Solarwinds,,
Alation,,
Direct To Consumer,,
Omnichannel Order Management,,
Quickbase,,
Sem,,
Supplier Network,,
Talent Acquisition,,
Vendor,,
Antimalware,,
Omni-Channel,,
Firewalls,,
Organization Structure,,
Swot,,
Fred Giron,,
Hybrid,,
Journey Analytics,,
B2B Commerce Suites,,
IT Management Software,,
Sage,,
System Integrators,,
Wan,,
Attivio,,
Amazon Echo,,
Application Support,,
Hype Cycle,,
J. P. Gownder,,
Software Testing,,
Teletech,,
Trends 2016: North American Digital Insurance,,
Vms,,
Briefing,,
Certona,,
Configure Price Quote,,
Coupon,,
Inventory Management,,
Telehealth,,
Video Games,,
Acquia,,
Cherwell,,
Cobit,,
Crm Suites,,
Digital Marketing Forecast,,
Gartner,,
Human Capital,,
Object Storage,,
Physical Security,,
Steve Casey,,
Wms,,
Appway,,
B2B2c,,
"Consistent Performance In Agile
Teams Must Include Testing",,
Customer Experience Trends,,
CX Maturity Model,,
Decision Management,,
Electronic Medical Records (Emrs),,
Online Advertising,,
Performance Testing,,
Predictive Maintenance,,
Salesforce Wave,,
Social Advertising,,
Var,,
Blueprism,,
Industrial Internet Of Things,,
Network Management,,
Qualys,,
Sap Services,,
Storytelling,,
Supplier Management,,
Angular,,
Channel Management,,
Comscore,,
Customer Service Trends,,
Episerver,,
Hammond,,
High Net Worth,,
Kubernetes,,
Lithium,,
Mastercard,,
Sales Operations,,
Voice Recognition,,
Cloud Analytics,,
Cloud Architecture,,
Danielle Geoffroy,,
Diabetes,,
Scm,,
Speech Recognition,,
CX Governance,,
Itom,,
Misys,,
Mobile Application,,
Pharmaceutical,,
Wireless,,
Apm Wave,,
Bromium,,
Conversion,,
Digital Customer Service,,
Marketing Organization,,
B2B Wave,,
Endless Aisle,,
Endpoint Security Wave,,
Loyalty Playbook,,
Mimecast,,
Operational Intelligence,,
Qlikview,,
Qualcomm,,
Thomson Reuters,,
Webrtc,,
Churn,,
Convertro,,
Identity Verification,,
Organizational Design,,
Readiness Index,,
Research & Development (R&D),,
Service Cloud,,
Smartphones,,
T-Mobile,,
Automotive Industry,,
Chris Mines,,
Criteo,,
Flexera,,
Landscape,,
Ntt,,
Quote To Cash,,
Ugc,,
Us Tech Market Outlook For 2016 And 2017: Cloud And,,
2016 Us Mobile Banking  Functionality Benchmark,,
App Engagement,,
Commerce Service Providers,,
Epmo,,
Task Management,,
Tool,,
Business Process Outsourcing,,
Itfm,,
Treasury Management,,
Agile Requirements,,
Cloud Platform,,
Dispel,,
Big Data Text Analytics Platforms,,
Chief Technology Officer,,
DevOps Metrics,,
Enterprise Architecture,,
Forcepoint,,
Insurance,,
Tririga,,
Forrester Wave Mdm,,
Journey Mapping Software,,
Masergy,,
Data Catalog,,
Forrester Wave Cloud Bi,,
Mainframe DevOps,,
Morpho,,
Organize,,
Skytap,,
Application Architecture,,
Co-Creation & Crowdsourcing,,
Palo Alto Networks,,
Zuora,,
Point Of Sale,,
Elinor Klavens,,
B2B Sales,,
Energy,,
Pci,,
Tech Market Outlook,,
Digital Ecosystem,,
E Commerce,,
Taxonomy & Classification,,
The Operating Model For Customer Obsession,,
Adaptive Brand Marketing,,
Application Virtualization,,
Epicor,,
James Nail,,
Cloudera,,
Rob Stroud,,
Lending,,
Talent,,
Wells Fargo,,
Digital Transformation,,
James McQuivey,,
Rsa,,
Russia,,
Digital Innovation,,
Go To Market,,
Investments,,
Malware,,
Networking,,
Pentaho,,
Printing,,
Desktop Support,,
Inside Sales,,
Kofax,,
Security Wave,,
Workspace,,
Agile Testing,,
Assessment,,
Global Infrastructure  Outsourcing,,
Pardot,,
Product Marketing,,
Razorfish,,
Resource Management,,
Transportation,,
Business Capabilities,,
Data Scientist,,
IT Financial Management,,
Kenshoo,,
Optimization,,
Passwords,,
